StartDate,EndDate,Status,IPAddress,Progress,Duration (in seconds),Finished,RecordedDate,ResponseId,RecipientLastName,RecipientFirstName,RecipientEmail,ExternalReference,LocationLatitude,LocationLongitude,DistributionChannel,UserLanguage,MusicAccess,Age,Gender,Ethnicity,Nationality,Sample,MARS1_1,MARS2_1,MARS3_1,MARS4_1,MARS5_1,MARS6_1,MARS7_1,MARS8_1,MARS9_1,MARS10_1,MARS11_1,MARS12_1,MARS13_1,MARS14_1,MARS15_1,POMSDSF1_1,POMSDSF2_1,POMSDSF3_1,POMSDSF4_1,POMSDSF5_1,POMSDSF6_1,POMSDSF7_1,POMSDSF8_1,POMSVSF1_1,POMSVSF2_1,POMSVSF3_1,POMSVSF4_1,POMSVSF5_1,MIP_timing_First Click,MIP_timing_Last Click,MIP_timing_Page Submit,MIP_timing_Click Count,POMSDSF1_2,POMSDSF2_2,POMSDSF3_2,POMSDSF4_2,POMSDSF5_2,POMSDSF6_2,POMSDSF7_2,POMSDSF8_2,POMSVSF1_2,POMSVSF2_2,POMSVSF3_2,POMSVSF4_2,POMSVSF5_2,Cond_Control,Control_timing_First Click,Control_timing_Last Click,Control_timing_Page Submit,Control_timing_Click Count,Cond_Chet,Chet_timing_First Click,Chet_timing_Last Click,Chet_timing_Page Submit,Chet_timing_Click Count,Cond_SelfSelected,Cond_SS_Timer_First Click,Cond_SS_Timer_Last Click,Cond_SS_Timer_Page Submit,Cond_SS_Timer_Click Count,SelfSelected_Song1,SelfSelected_Song2,POMSDSF1_3,POMSDSF2_3,POMSDSF3_3,POMSDSF4_3,POMSDSF5_3,POMSDSF6_3,POMSDSF7_3,POMSDSF8_3,POMSVSF1_3,POMSVSF2_3,POMSVSF3_3,POMSVSF4_3,POMSVSF5_3,MusicInfo1_1,MusicInfo2_1,MusicInfo3_1,MuiscInfo4_1,LPQ1_1,LPQ2_1,LPQ3_1,LPQ4_1,LPQ5_1,LPQ6_1,LPQ7_1,LPQ8_1,LPQ9_1,LPQ10_1,LPQ11_1,LPQ12_1,LPQ13_1,LPQ14_1,RRQ1_1,RRQ2_1,RRQ3_1,RRQ4_1,RRQ5_1,RRQ6_1,RRQ7_1,RRQ8_1,RRQ9_1,RRQ10_1,RRQ11_1,RRQ12_1,RRQ13_1,RRQ14_1,RRQ15_1,RRQ16_1,RRQ17_1,RRQ18_1,RRQ19_1,RRQ20_1,RRQ21_1,RRQ22_1,RRQ23_1,RRQ24_1,SC0
Start Date,End Date,Response Type,IP Address,Progress,Duration (in seconds),Finished,Recorded Date,Response ID,Recipient Last Name,Recipient First Name,Recipient Email,External Data Reference,Location Latitude,Location Longitude,Distribution Channel,User Language,"This study may involve listening to music of your own, do you currently have access to your personal music library (phone, computer, etc.) and you able to listen to music from it?",What is your age in years?,What is your gender?,What is your ethnicity?,What is your nationality?,Are you completing this study for course credit (PSYC1020/PSYC1030),When I hear music playing I am drawn towards it,Music makes me feel happy,I don't really notice music when it's playing,I usually switch music off when I enter a room or a car,When I'm upset about something music makes me feel worse,When I hear music I want sing/hum along,Music makes me feel relaxed,I smile when I hear music,I tap my foot when I hear music,Music makes me feel anxious and disturbed,When I hear music I want to get up and dance,If I'm upset about something music makes me feel better,I often turn the volume down when music is playing,I am often moved to tears by music,I feel chills when I listen to a piece of moving music,Unhappy,Sad,Blue,Hopeless,Discouraged,Miserable,Helpless,Worthless,Lively,Active,Energetic,Full of pep,Vigorous,Timing - First Click,Timing - Last Click,Timing - Page Submit,Timing - Click Count,Unhappy,Sad,Blue,Hopeless,Discouraged,Miserable,Helpless,Worthless,Lively,Active,Energetic,Full of pep,Vigorous,Please enter the number '1' in the box below,Timing - First Click,Timing - Last Click,Timing - Page Submit,Timing - Click Count,Please enter the number '2' in the box below,Timing - First Click,Timing - Last Click,Timing - Page Submit,Timing - Click Count,Please enter the number '3' in the box below,Timing - First Click,Timing - Last Click,Timing - Page Submit,Timing - Click Count,What was the first song you listened to? Please answer using the format 'Song - Artist'.,"If you listened to a 2nd song, what was it? Please answer using the format 'Song-Artist'",Unhappy,Sad,Blue,Hopeless,Discouraged,Miserable,Helpless,Worthless,Lively,Active,Energetic,Full of pep,Vigorous,Listening to the music made me feel better,The song I just listened to was from one of my preferred genres,The song I just listened to was one of my favourite songs,The song I just listened to was sad,"When listening to the music I became immersed in the emotions of the artist, and enjoyed this","When listening to the music I became immersed in the emotions of the artist, and this made me feel worse",I started feeling the same emotions as the artist while I was listening to their music,"The music I just listened to triggered memories, which made me feel better","The music I just listened to triggered memories, which made me feel worse",Listening to the music helped me understand my emotions,The music intensified my emotions,The music helped me think about my emotions in different ways,I found the song pleasant to listen to,The song made me feel like I was not the only one experiencing the emotions I currently am,I used the song to distract myself from thinking about my emotions,The song I just listened to did not have any happy parts,The song I just listened to made me think about sad things in my life which made me feel worse,I payed more attention to the lyrics than the instrumentals,My attention is often focused on aspects of myself I wish I'd stop thinking about,I always seem to be rehashing in my mind recent things I've said or done,Sometimes it is hard for me to shut off thoughts about myself,"Long after an argument or disagreement is over with, my thoughts keep going back to what happened","I tend to ""ruminate"" or dwell over things that happen to me for a really long time afterward",I don't waste time rethinking over things that are over and done with,Often I'm playing back over in my mind how I acted in a past situation,I often find myself re-evaluating something I've done,I never ruminate or dwell on myself for very long,It's easy for me to put unwanted thoughts out of my mind,I often reflect on episodes in my life that I should no longer concern myself with,I spend a great deal of time thinking back over my embarrassing or disappointing moments,Philosophical or abstract thinking doesn't appeal to me that much,I'm not really a meditative type of person,I love exploring my inner self,My attitudes and feelings about things fascinate me,I don't really care for introspective or self-reflective thinking,I love analysing why I do things,People often say I'm a deep or introspective type of person,I don't care much for self-analysis,I'm very self-inquisitive by nature,I love to meditate on the nature and meaning of things,I often love to look at my life in philosophical ways,Contemplating myself isn't my idea of fun,Score
"{""ImportId"":""startDate"",""timeZone"":""Australia/Brisbane""}","{""ImportId"":""endDate"",""timeZone"":""Australia/Brisbane""}","{""ImportId"":""status""}","{""ImportId"":""ipAddress""}","{""ImportId"":""progress""}","{""ImportId"":""duration""}","{""ImportId"":""finished""}","{""ImportId"":""recordedDate"",""timeZone"":""Australia/Brisbane""}","{""ImportId"":""_recordId""}","{""ImportId"":""recipientLastName""}","{""ImportId"":""recipientFirstName""}","{""ImportId"":""recipientEmail""}","{""ImportId"":""externalDataReference""}","{""ImportId"":""locationLatitude""}","{""ImportId"":""locationLongitude""}","{""ImportId"":""distributionChannel""}","{""ImportId"":""userLanguage""}","{""ImportId"":""QID138""}","{""ImportId"":""QID2_TEXT""}","{""ImportId"":""QID3""}","{""ImportId"":""QID4""}","{""ImportId"":""QID5_TEXT""}","{""ImportId"":""QID7""}","{""ImportId"":""QID9""}","{""ImportId"":""QID10""}","{""ImportId"":""QID11""}","{""ImportId"":""QID12""}","{""ImportId"":""QID13""}","{""ImportId"":""QID14""}","{""ImportId"":""QID15""}","{""ImportId"":""QID16""}","{""ImportId"":""QID17""}","{""ImportId"":""QID18""}","{""ImportId"":""QID19""}","{""ImportId"":""QID20""}","{""ImportId"":""QID21""}","{""ImportId"":""QID22""}","{""ImportId"":""QID23""}","{""ImportId"":""QID25""}","{""ImportId"":""QID26""}","{""ImportId"":""QID27""}","{""ImportId"":""QID28""}","{""ImportId"":""QID29""}","{""ImportId"":""QID30""}","{""ImportId"":""QID31""}","{""ImportId"":""QID32""}","{""ImportId"":""QID34""}","{""ImportId"":""QID35""}","{""ImportId"":""QID36""}","{""ImportId"":""QID37""}","{""ImportId"":""QID38""}","{""ImportId"":""QID48_FIRST_CLICK""}","{""ImportId"":""QID48_LAST_CLICK""}","{""ImportId"":""QID48_PAGE_SUBMIT""}","{""ImportId"":""QID48_CLICK_COUNT""}","{""ImportId"":""QID61""}","{""ImportId"":""QID62""}","{""ImportId"":""QID63""}","{""ImportId"":""QID64""}","{""ImportId"":""QID65""}","{""ImportId"":""QID66""}","{""ImportId"":""QID67""}","{""ImportId"":""QID68""}","{""ImportId"":""QID70""}","{""ImportId"":""QID71""}","{""ImportId"":""QID72""}","{""ImportId"":""QID73""}","{""ImportId"":""QID74""}","{""ImportId"":""QID44_TEXT""}","{""ImportId"":""QID46_FIRST_CLICK""}","{""ImportId"":""QID46_LAST_CLICK""}","{""ImportId"":""QID46_PAGE_SUBMIT""}","{""ImportId"":""QID46_CLICK_COUNT""}","{""ImportId"":""QID53_TEXT""}","{""ImportId"":""QID55_FIRST_CLICK""}","{""ImportId"":""QID55_LAST_CLICK""}","{""ImportId"":""QID55_PAGE_SUBMIT""}","{""ImportId"":""QID55_CLICK_COUNT""}","{""ImportId"":""QID56_TEXT""}","{""ImportId"":""QID142_FIRST_CLICK""}","{""ImportId"":""QID142_LAST_CLICK""}","{""ImportId"":""QID142_PAGE_SUBMIT""}","{""ImportId"":""QID142_CLICK_COUNT""}","{""ImportId"":""QID58_TEXT""}","{""ImportId"":""QID144_TEXT""}","{""ImportId"":""QID76""}","{""ImportId"":""QID77""}","{""ImportId"":""QID78""}","{""ImportId"":""QID79""}","{""ImportId"":""QID80""}","{""ImportId"":""QID81""}","{""ImportId"":""QID82""}","{""ImportId"":""QID83""}","{""ImportId"":""QID85""}","{""ImportId"":""QID86""}","{""ImportId"":""QID87""}","{""ImportId"":""QID88""}","{""ImportId"":""QID89""}","{""ImportId"":""QID136""}","{""ImportId"":""QID133""}","{""ImportId"":""QID134""}","{""ImportId"":""QID135""}","{""ImportId"":""QID119""}","{""ImportId"":""QID120""}","{""ImportId"":""QID121""}","{""ImportId"":""QID122""}","{""ImportId"":""QID123""}","{""ImportId"":""QID124""}","{""ImportId"":""QID125""}","{""ImportId"":""QID126""}","{""ImportId"":""QID127""}","{""ImportId"":""QID128""}","{""ImportId"":""QID129""}","{""ImportId"":""QID130""}","{""ImportId"":""QID131""}","{""ImportId"":""QID132""}","{""ImportId"":""QID91""}","{""ImportId"":""QID92""}","{""ImportId"":""QID93""}","{""ImportId"":""QID94""}","{""ImportId"":""QID95""}","{""ImportId"":""QID96""}","{""ImportId"":""QID97""}","{""ImportId"":""QID98""}","{""ImportId"":""QID99""}","{""ImportId"":""QID100""}","{""ImportId"":""QID101""}","{""ImportId"":""QID102""}","{""ImportId"":""QID103""}","{""ImportId"":""QID104""}","{""ImportId"":""QID105""}","{""ImportId"":""QID106""}","{""ImportId"":""QID107""}","{""ImportId"":""QID108""}","{""ImportId"":""QID109""}","{""ImportId"":""QID110""}","{""ImportId"":""QID111""}","{""ImportId"":""QID112""}","{""ImportId"":""QID113""}","{""ImportId"":""QID114""}","{""ImportId"":""SC_8CVzCAFwfZrlW9T""}"
2016-05-03 21:49:32,2016-05-03 21:50:29,1,*******,100,56,1,2016-05-03 21:50:29,R_3e9WczOvkbumBbN,*******,*******,*******,*******,*******,*******,preview,EN,,,,,,,,,,,,,,,,,,,,,,,,,,,,,,,,,,,0,0,3.521,0,,,,,,,,,,,,,,,,,,,,,,,,,,,,,,,,,,,,,,,,,,,,,,,,,,,,,,,,,,,,,,,,,,,,,,,,,,,,,,,,,,,,,,
2016-05-05 07:18:30,2016-05-05 07:19:52,1,*******,100,81,1,2016-05-05 07:19:53,R_2o5ZSjghkX93sdz,*******,*******,*******,*******,*******,*******,preview,EN,,,,,,2,,,,,,,,,,,,,,,,,,,,,,,,,,,,,0,0,2.399,0,,,,,,,,,,,,,,,,,,,,0,0,1.007,0,,,,,,,,,,,,,,,,,,,,,,,,,,,,,,,,,,,,,,,,,,,,,,,,,,,,,,,,,,,,,,,1
2016-05-09 11:48:36,2016-05-09 11:57:52,0,*******,100,555,1,2016-05-09 11:57:53,R_1QAaRAXOmHFVqYg,*******,*******,*******,*******,*******,*******,anonymous,EN,,,,,,2,,,,,,,,,,,,,,,,,,,,,,,,,,,,,0,0,14.692,0,,,,,,,,,,,,,,,,,,,,,,,,3,,,,,,,,,,,,,,,,,,,,,,,,,,,,,,,,,,,,,,,,,,,,,,,,,,,,,,,,,,,,,,1
2016-05-09 11:58:11,2016-05-10 17:40:33,0,*******,100,106942,1,2016-05-10 17:40:34,R_3Glx7GkYPtRyMky,*******,*******,*******,*******,*******,*******,anonymous,EN,,,,,,1,,,,,,,,,,,,,,,,,,,,,,,,,,,,,0,0,1.275,0,,,,,,,,,,,,,,,,,,,,,,,,3,,,,,,,,,,,,,,,,,,,,,,,,,,,,,,,,,,,,,,,,,,,,,,,,,,,,,,,,,,,,,,0
2016-05-10 17:41:02,2016-05-10 17:41:14,0,*******,100,11,1,2016-05-10 17:41:14,R_21pGQthfbbL6tjO,*******,*******,*******,*******,*******,*******,anonymous,EN,2,,,,,,,,,,,,,,,,,,,,,,,,,,,,,,,,,,,,,,,,,,,,,,,,,,,,,,,,,,,,,,,,,,,,,,,,,,,,,,,,,,,,,,,,,,,,,,,,,,,,,,,,,,,,,,,,,,,,,,,,,,,
2016-05-10 17:41:23,2016-05-10 17:42:22,0,*******,100,59,1,2016-05-10 17:42:23,R_31F869BZk28WEJE,*******,*******,*******,*******,*******,*******,anonymous,EN,1,,,,,2,,,,,,,,,,,,,,,,,,,,,,,,,,,,,0,0,1.846,0,,,,,,,,,,,,,,,,,,,2,3.162,3.162,5.847,1,,,,,,,,,,,,,,,,,,,,,,,,,,,,,,,,,,,,,,,,,,,,,,,,,,,,,,,,,,,,,,,1
2016-05-10 17:42:33,2016-05-10 17:43:56,0,*******,100,82,1,2016-05-10 17:43:56,R_2pMJsDvdyMJWYGe,*******,*******,*******,*******,*******,*******,anonymous,EN,1,X,,,,1,,,,,,,,,,,,,,,,,,,,,,,,,,,,,0,0,1.688,0,,,,,,,,,,,,,,,0,0,2.6,0,,,,,,,,,,,,,,,,,,,,,,,,,,,,,,,,,,,,,,,,,,,,,,,,,,,,,,,,,,,,,,,,,,,,0
2016-05-10 17:44:07,2016-05-10 17:45:14,0,*******,100,67,1,2016-05-10 17:45:15,R_2ZE8Mqtbybm7miO,*******,*******,*******,*******,*******,*******,anonymous,EN,1,X,,,,1,,,,,,,,,,,,,,,,,,,,,,,,,,,,,0,0,1.589,0,,,,,,,,,,,,,,,,,,,2,3.142,3.142,5.366,1,,,,,,,,,,,,,,,,,,,,,,,,,,,,,,,,,,,,,,,,,,,,,,,,,,,,,,,,,,,,,,,0
2016-05-09 12:00:29,2016-05-09 12:01:17,0,*******,99,47,0,2016-05-16 12:01:57,R_2CHDMM3H1l8SfMJ,*******,*******,*******,*******,*******,*******,anonymous,EN,,,,,,2,,,,,,,,,,,,,,,,,,,,,,,,,,,,,1.033,1.033,3.06,1,,,,,,,,,,,,,,1,7.024,7.024,8.844,1,,,,,,,,,,,,,,,,,,,,,,,,,,,,,,,,,,,,,,,,,,,,,,,,,,,,,,,,,,,,,,,,,,,,1
2016-05-10 17:45:29,2016-05-17 10:14:17,0,*******,100,577727,1,2016-05-17 10:14:17,R_3Xiqr0rTOPUTpzb,*******,*******,*******,*******,*******,*******,anonymous,EN,1,X,,,,2,,,,,,,,,,,,,,,,,,,,,,,,,,,,,0,0,1.33,0,,,,,,,,,,,,,,,,,,,,,,,,3,4.771,9.379,20.002,4,,,,,,,,,,,,,,,,,,,,,,,,,,,,,,,,,,,,,,,,,,,,,,,,,,,,,,,,,,1
2016-05-17 10:14:31,2016-05-17 11:53:44,0,*******,100,5952,1,2016-05-17 11:53:45,R_1eL8sBZrVPwPGyQ,*******,*******,*******,*******,*******,*******,anonymous,EN,1,X,,,,2,,,,,,,,,,,,,,,,,,,,,,,,,,,,,0,0,88.545,0,,,,,,,,,,,,,,,,,,,,,,,,3,7.987,14.66,16.412,5,,,,,,,,,,,,,,,,,,,,,,,,,,,,,,,,,,,,,,,,,,,,,,,,,,,,,,,,,,1
2016-05-17 11:54:22,2016-05-17 11:54:29,0,*******,100,6,1,2016-05-17 11:54:30,R_2EEqyRE7Vk8TjxX,*******,*******,*******,*******,*******,*******,anonymous,EN,2,,,,,,,,,,,,,,,,,,,,,,,,,,,,,,,,,,,,,,,,,,,,,,,,,,,,,,,,,,,,,,,,,,,,,,,,,,,,,,,,,,,,,,,,,,,,,,,,,,,,,,,,,,,,,,,,,,,,,,,,,,,
2016-05-17 11:54:39,2016-05-17 12:00:06,0,*******,100,327,1,2016-05-17 12:00:08,R_pB5JOnhVnBCN5El,*******,*******,*******,*******,*******,*******,anonymous,EN,1,X,,,,2,,,,,,,,,,,,,,,,,,,,,,,,,,,,,0,0,25.616,0,,,,,,,,,,,,,,1,35.586,37.732,247.395,2,,,,,,,,,,,,,,,,,,,,,,,,,,,,,,,,,,,,,,,,,,,,,,,,,,,,,,,,,,,,,,,,,,,,1
2016-05-17 14:20:10,2016-05-17 14:41:19,0,*******,100,1268,1,2016-05-17 14:41:20,R_1PRH6RpwcY4qh3z,*******,*******,*******,*******,*******,*******,anonymous,EN,1,44,2,1,Australian,2,6,6,4,4,3,6,4,5,5,4,4,4,4,4,4,4,3,5,4,4,2,2,2,1,2,1,1,1,0,0,312.944,0,4,4,5,2,4,2,2,2,1,1,1,1,1,,,,,,2,1.241,15.1,298.597,3,,,,,,,,3,2,3,2,2,1,1,2,2,1,2,1,1,,,,,,,,,,,,,,,,,,,3,3,4,4,4,2,4,5,2,2,4,3,2,1,4,5,1,4,4,1,5,4,4,2,2
2016-05-17 15:18:48,2016-05-17 15:38:48,0,*******,100,1200,1,2016-05-17 15:38:49,R_UPGlLupU5Qcl8T7,*******,*******,*******,*******,*******,*******,anonymous,EN,1,48,2,5,Australian,2,4,5,4,2,3,6,5,4,5,1,4,4,3,4,4,1,2,2,1,1,1,1,1,3,2,2,2,2,0,0,330.355,0,2,2,2,1,1,1,1,1,2,2,2,2,2,1,5.042,5.042,312.58,1,,,,,,,,,,,,,1,1,1,1,1,1,1,1,2,2,2,2,2,,,,,,,,,,,,,,,,,,,4,4,4,4,4,2,4,4,1,2,4,4,1,2,4,5,1,5,3,2,5,4,4,2,6
2016-05-17 17:32:50,2016-05-17 17:55:52,0,*******,100,1381,1,2016-05-17 17:55:53,R_sHWJ2nwWjtaeYJH,*******,*******,*******,*******,*******,*******,anonymous,EN,1,21,1,1,Australian,2,4,5,3,2,2,4,5,2,1,2,2,3,2,1,4,2,1,1,1,1,1,1,1,1,2,1,1,1,0,0,383.973,0,2,2,1,1,2,2,1,1,1,2,1,1,1,,,,,,2,5.789,11.757,306.117,2,,,,,,,,1,1,3,2,2,2,2,1,2,3,2,1,2,,,,,,,,,,,,,,,,,,,3,2,2,2,3,3,2,4,2,4,3,2,1,2,3,4,3,3,4,2,3,4,4,3,1
2016-05-17 17:57:40,2016-05-17 18:04:38,0,*******,100,418,1,2016-05-17 18:04:41,R_A0RPUCIOIBmDAC5,*******,*******,*******,*******,*******,*******,anonymous,EN,1,23,2,1,Australian,2,5,5,2,2,4,5,4,4,4,3,5,5,2,4,4,3,3,2,1,1,2,1,1,1,1,1,1,1,0,0,21.932,0,2,2,1,1,1,1,1,1,1,1,1,1,1,1,3.286,3.286,34.353,1,,,,,,,,,,,,,2,2,2,2,2,2,1,1,2,1,1,1,1,,,,,,,,,,,,,,,,,,,4,5,5,5,4,1,5,5,1,2,4,4,3,3,3,4,2,4,3,2,4,2,3,2,2
2016-05-17 17:53:52,2016-05-17 18:15:37,0,*******,100,1304,1,2016-05-17 18:15:38,R_3KW3KZnv5O7rmXC,*******,*******,*******,*******,*******,*******,anonymous,EN,1,22,2,1,"Greek/Australian ",2,6,6,2,2,2,6,6,5,4,1,5,6,2,4,6,2,2,2,2,3,1,2,1,3,1,3,1,2,0,0,317.07,0,4,4,3,1,1,1,1,1,1,1,2,1,1,1,4.581,4.581,308.423,1,,,,,,,,,,,,,2,2,2,1,2,1,1,1,2,1,1,1,1,,,,,,,,,,,,,,,,,,,4,4,3,4,4,2,4,4,2,2,4,4,3,2,3,3,2,3,2,3,4,4,3,3,2
2016-05-17 17:49:18,2016-05-17 18:19:07,0,*******,100,1789,1,2016-05-17 18:19:08,R_3iQK8Gxc8NUHNMh,*******,*******,*******,*******,*******,*******,anonymous,EN,1,31,1,1,Australian,2,6,4,1,3,1,4,4,2,4,1,3,5,4,4,6,1,1,1,1,1,1,1,1,1,1,1,1,1,0,0,321.415,0,1,1,1,1,4,1,1,1,1,1,1,1,1,,,,,,2,4.074,4.074,260.583,1,,,,,,,,1,1,1,1,1,1,1,1,4,3,4,2,2,,,,,,,,,,,,,,,,,,,3,3,2,2,2,2,3,3,3,2,3,3,3,3,3,2,3,3,2,2,4,3,3,4,1
2016-05-17 18:18:33,2016-05-17 18:29:09,0,*******,100,635,1,2016-05-17 18:29:10,R_TeojVNGo5JF3tnP,*******,*******,*******,*******,*******,*******,anonymous,EN,1,22,2,1,Australian,2,4,6,3,2,4,7,5,6,6,3,5,6,2,6,6,2,2,2,1,1,1,1,1,3,3,2,2,2,0,0,212.226,0,4,4,4,3,4,4,3,3,1,2,1,1,1,,,,,,2,2.37,2.37,34.985,1,,,,,,,,4,4,4,4,4,4,3,3,1,1,1,1,1,,,,,,,,,,,,,,,,,,,5,4,4,4,4,2,4,4,2,2,5,4,1,4,3,5,2,5,4,1,4,4,5,2,2
2016-05-17 18:42:20,2016-05-17 19:00:22,0,*******,100,1081,1,2016-05-17 19:00:23,R_ve3YmKrlqxLkS1b,*******,*******,*******,*******,*******,*******,anonymous,EN,1,21,2,1,Australian,2,5,5,2,1,4,6,4,5,4,2,4,4,1,4,5,2,2,2,2,3,1,1,2,2,1,1,1,1,0,0,318.879,0,2,3,2,2,2,3,2,1,1,1,1,1,1,,,,,,,,,,,3,1.387,1.387,285.031,1,Never stop - safety suit,Never stop - Wedding Version Cover,2,2,1,1,1,1,1,1,2,1,1,1,1,4,4,4,3,4,2,4,3,3,3,4,4,5,4,4,2,2,4,5,5,5,5,5,1,5,5,1,2,5,5,3,3,3,4,2,4,3,2,4,4,4,4,2
2016-05-17 19:03:23,2016-05-17 19:13:43,0,*******,100,620,1,2016-05-17 19:13:44,R_1Cl7SlekrglbEKW,*******,*******,*******,*******,*******,*******,anonymous,EN,1,21,2,1,Australian,2,7,6,3,3,2,6,5,6,4,1,4,6,2,5,7,3,3,3,2,3,4,4,3,1,1,1,1,1,0,0,73.623,0,3,3,3,3,2,2,3,4,1,1,1,1,1,1,1.423,3.111,136.1,2,,,,,,,,,,,,,2,2,2,3,3,2,3,2,1,1,1,1,1,,,,,,,,,,,,,,,,,,,5,5,5,5,5,1,5,5,1,1,5,5,3,3,3,3,4,2,2,3,3,2,3,3,2
2016-05-17 19:28:48,2016-05-17 19:46:35,0,*******,100,1067,1,2016-05-17 19:46:36,R_1hW6uGGYPnpxYS0,*******,*******,*******,*******,*******,*******,anonymous,EN,1,21,1,1,Australian,2,,5,3,2,4,6,4,4,6,2,2,3,2,1,4,1,1,1,1,1,1,1,1,2,2,2,2,2,0,0,310.655,0,1,1,1,1,1,1,1,1,1,1,1,1,1,,,,,,,,,,,3,1.155,1.155,285.004,1,Rebirth - Atlanta Awaits,Awake - Mutiny Within,1,1,1,1,1,1,1,1,3,2,3,3,3,3,5,4,1,3,1,2,2,2,2,2,2,4,2,2,1,2,3,3,3,3,4,4,2,4,4,3,4,3,2,4,5,2,5,3,5,3,3,4,3,2,4,1
2016-05-17 19:41:53,2016-05-17 19:56:39,0,*******,100,885,1,2016-05-17 19:56:39,R_3P7EA6HdfbYilFH,*******,*******,*******,*******,*******,*******,anonymous,EN,1,47,2,1,"Australian ",2,7,4,1,1,4,4,4,4,1,1,5,4,1,5,4,2,2,1,1,3,1,2,2,2,2,2,1,1,0,0,318.522,0,2,2,1,2,2,1,2,2,1,2,2,1,1,1,4.406,10.067,70.392,2,,,,,,,,,,,,,1,2,1,2,2,1,2,2,1,1,1,1,1,,,,,,,,,,,,,,,,,,,4,4,4,4,4,1,5,4,1,1,4,4,2,3,3,2,3,4,3,2,4,3,4,3,2
2016-05-17 19:46:06,2016-05-17 20:02:55,0,*******,100,1008,1,2016-05-17 20:02:56,R_2RVeo0l0WoIJU72,*******,*******,*******,*******,*******,*******,anonymous,EN,1,18,1,1,Australian,2,4,6,3,5,2,4,6,5,6,1,5,5,3,4,5,1,1,2,1,1,1,1,2,4,4,3,3,3,0,0,298.991,0,2,2,2,2,1,1,1,1,3,2,2,2,2,,,,,,,,,,,3,1.946,230.042,285.02,6,Your Song - Elton John,Hotel California - Eagles,1,1,1,1,1,1,1,1,4,4,3,4,3,5,5,4,2,4,1,3,4,1,3,4,3,4,4,4,2,2,3,4,4,3,4,3,2,4,4,2,4,2,3,2,2,3,4,1,4,3,2,4,3,2,2,1
2016-05-17 20:09:45,2016-05-17 20:27:54,0,*******,100,1089,1,2016-05-17 20:27:55,R_aVHROi04WRockRH,*******,*******,*******,*******,*******,*******,anonymous,EN,1,48,1,5,Australian,2,4,6,2,5,4,4,4,5,5,2,4,5,5,3,4,1,1,1,1,1,1,1,1,2,2,3,2,1,0,0,315.139,0,2,1,2,1,1,1,1,1,2,2,2,1,1,1,3.544,3.544,8.928,1,,,,,,,,,,,,,2,1,1,1,1,1,1,1,2,2,2,2,1,,,,,,,,,,,,,,,,,,,4,4,2,4,4,3,4,4,2,4,4,4,1,2,4,4,2,3,3,2,4,4,4,3,5
2016-05-17 20:12:55,2016-05-17 20:35:14,0,*******,100,1338,1,2016-05-17 20:35:14,R_1jBrphojF0R5seZ,*******,*******,*******,*******,*******,*******,anonymous,EN,1,22,2,5,Australian,2,5,6,2,1,4,5,6,5,1,2,5,5,4,3,4,2,1,2,2,2,2,2,3,2,2,1,2,2,313.886,313.886,331.96,1,2,3,2,2,1,1,1,1,2,2,1,1,1,1,3.615,3.615,283.5,1,,,,,,,,,,,,,3,2,2,2,2,2,2,2,2,2,1,1,1,,,,,,,,,,,,,,,,,,,4,3,3,3,3,3,4,4,3,3,3,3,2,2,5,5,1,5,3,1,4,4,4,1,6
2016-05-17 20:43:31,2016-05-17 21:05:09,0,*******,100,1297,1,2016-05-17 21:05:10,R_DMLw248KqUrpvXz,*******,*******,*******,*******,*******,*******,anonymous,EN,1,23,1,1,Australian,2,4,5,6,1,4,4,5,4,5,1,2,5,2,2,5,2,1,1,2,2,1,1,2,2,1,1,2,1,0,0,411.406,0,2,2,1,1,2,1,1,2,1,1,1,1,1,,,,,,2,1,1,297.191,1,,,,,,,,2,1,1,1,2,1,1,2,1,1,1,1,1,,,,,,,,,,,,,,,,,,,2,4,3,2,2,3,3,3,3,3,4,3,2,4,2,4,2,4,2,2,4,3,3,4,1
2016-05-17 21:07:40,2016-05-17 21:26:06,0,*******,100,1106,1,2016-05-17 21:26:06,R_2TEFCFI3TmEFTih,*******,*******,*******,*******,*******,*******,anonymous,EN,1,22,2,1,Australian,2,6,6,4,2,2,5,6,5,5,1,4,6,2,3,4,3,3,3,2,3,2,2,3,2,2,3,2,1,0,0,328.381,0,4,5,4,4,3,5,3,3,1,1,1,1,1,,,,,,,,,,,3,2.686,259.114,284.992,2,"Me at the Museum, and You in the Wintergarden - Tiny Ruins",Straw Into Gold - Tiny Ruins,3,4,4,2,2,2,2,2,2,2,2,1,1,4,5,5,4,3,2,2,4,2,3,4,2,5,2,2,3,2,1,5,4,5,5,4,2,4,4,2,2,4,4,2,2,4,4,2,3,3,2,5,4,4,3,2
2016-05-17 21:46:17,2016-05-17 22:01:19,0,*******,100,902,1,2016-05-17 22:01:21,R_1duxUxQhKj9FOgu,*******,*******,*******,*******,*******,*******,anonymous,EN,1,53,2,1,Australian,2,5,4,3,4,5,5,4,4,5,4,4,4,4,4,4,1,1,1,1,1,1,1,1,3,2,2,2,3,0,0,327.868,0,2,2,1,1,1,1,1,1,2,2,2,1,1,1,1.938,1.938,131.308,1,,,,,,,,,,,,,1,1,1,1,1,1,1,1,2,2,2,1,1,,,,,,,,,,,,,,,,,,,2,2,2,4,4,2,4,4,4,4,4,2,2,4,3,4,2,4,4,2,4,4,4,2,2
2016-05-17 22:07:46,2016-05-17 22:25:05,0,*******,100,1038,1,2016-05-17 22:25:06,R_2uO1vLDyXrlmTFm,*******,*******,*******,*******,*******,*******,anonymous,EN,1,23,1,1,Australian,2,4,4,3,4,2,4,4,4,4,1,4,4,3,2,4,1,1,1,1,1,1,1,1,2,2,3,3,3,0,0,309.426,0,4,4,4,2,3,2,2,1,1,1,1,1,1,,,,,,2,3.106,3.898,294.523,2,,,,,,,,1,3,3,1,1,1,1,1,2,1,1,1,1,,,,,,,,,,,,,,,,,,,2,3,5,4,,3,4,4,3,2,3,4,2,2,4,5,1,4,3,1,4,5,5,1,1
2016-05-17 22:55:28,2016-05-17 23:19:22,0,*******,100,1433,1,2016-05-17 23:19:23,R_1HcRmxtj4OYyseR,*******,*******,*******,*******,*******,*******,anonymous,EN,1,21,1,1,Australian,2,7,7,1,1,4,7,6,4,5,2,5,4,2,5,7,4,4,2,2,5,1,3,1,1,1,1,2,1,310.444,310.444,311.065,1,4,4,3,3,4,1,2,1,1,1,1,1,1,,,,,,,,,,,3,0,0,31.237,0,Nothing But The Blood - All Sons & Daughters,Little Do You Know - Alex & Sierra,3,2,1,1,3,1,1,1,3,2,2,1,1,4,4,5,4,5,3,5,5,2,3,2,5,5,3,1,1,1,4,4,4,5,5,5,2,5,4,2,3,3,5,2,4,2,2,4,1,4,3,3,1,3,5,1
2016-05-17 23:04:27,2016-05-17 23:31:18,0,*******,100,1611,1,2016-05-17 23:31:19,R_1rplJpkoEbezNTU,*******,*******,*******,*******,*******,*******,anonymous,EN,1,20,1,1,Australian,2,5,4,2,4,4,5,6,3,7,1,2,5,2,4,5,3,3,3,4,4,2,3,4,1,1,1,2,1,0,0,335.714,0,3,4,3,3,3,2,2,2,1,1,1,1,1,,,,,,,,,,,3,0,0,285.051,0,Breathing in Stereo - Modern Baseball,What if - Modern Baseball,3,3,2,2,4,3,3,3,1,1,2,1,1,3,5,4,3,5,3,4,2,3,4,4,4,5,5,4,3,4,4,4,4,5,5,5,1,4,4,1,1,4,5,1,3,4,5,1,4,4,1,3,5,5,3,1
2016-05-17 17:41:06,2016-05-17 23:33:50,0,*******,100,21163,1,2016-05-17 23:33:50,R_1OIkaqq6lRtYn4c,*******,*******,*******,*******,*******,*******,anonymous,EN,1,20,2,1,Australian,2,4,5,5,2,2,4,5,4,3,1,6,4,3,2,5,3,2,3,1,2,1,1,1,2,1,1,1,1,0,0,311.237,0,4,3,3,1,2,2,1,1,1,1,1,1,1,,,,,,2,2.969,41.67,155.897,4,,,,,,,,4,4,4,2,2,1,1,1,1,1,1,1,1,,,,,,,,,,,,,,,,,,,4,2,4,4,4,2,3,3,2,1,2,3,1,2,4,4,2,3,4,2,4,5,4,3,2
2016-05-18 12:29:57,2016-05-18 12:51:42,0,*******,100,1304,1,2016-05-18 12:51:43,R_21gFf8ECwHPi8yY,*******,*******,*******,*******,*******,*******,anonymous,EN,1,21,2,1,Australian,2,7,5,1,1,4,7,6,6,7,2,7,5,2,2,5,1,1,1,1,1,1,1,1,3,3,3,2,3,0,0,321.74,0,1,1,1,1,1,1,1,1,2,2,2,2,2,,,,,,2,2.361,5.56,302.369,3,,,,,,,,1,1,2,1,1,1,1,1,1,1,1,1,1,,,,,,,,,,,,,,,,,,,4,5,5,5,5,1,5,5,5,1,5,5,2,4,5,5,1,5,4,1,5,5,5,4,2
2016-05-18 13:48:38,2016-05-18 16:03:47,0,*******,100,8108,1,2016-05-18 16:03:48,R_RCCMYliDX5HdXqN,*******,*******,*******,*******,*******,*******,anonymous,EN,1,X,,,,2,,,,,,,,,,,,,,,,,,,,,,,,,,,,,0,0,5.95,0,,,,,,,,,,,,,,,,,,,,,,,,3,4.07,4.07,11.48,1,,,,,,,,,,,,,,,,,,,,,,,,,,,,,,,,,,,,,,,,,,,,,,,,,,,,,,,,,,1
2016-05-20 12:41:45,2016-05-20 12:41:50,0,*******,100,5,1,2016-05-20 12:41:51,R_PXQSIOlXuEV94Nr,*******,*******,*******,*******,*******,*******,anonymous,EN,2,,,,,,,,,,,,,,,,,,,,,,,,,,,,,,,,,,,,,,,,,,,,,,,,,,,,,,,,,,,,,,,,,,,,,,,,,,,,,,,,,,,,,,,,,,,,,,,,,,,,,,,,,,,,,,,,,,,,,,,,,,,
2016-05-18 16:03:57,2016-05-20 12:45:47,0,*******,100,160910,1,2016-05-20 12:45:48,R_3R8VpoHhQv6IahQ,*******,*******,*******,*******,*******,*******,anonymous,EN,1,X,,,,2,,,,,,,,,,,,,,,,,,,,,,,,,,,,,0,0,481.241,0,,,,,,,,,,,,,,1,1.852,115.573,291.313,3,,,,,,,,,,,,,,,,,,,,,,,,,,,,,,,,,,,,,,,,,,,,,,,,,,,,,,,,,,,,,,,,,,,,1
2016-05-20 12:41:59,2016-05-20 12:57:44,0,*******,100,944,1,2016-05-20 12:57:45,R_roj6q25OfyIFtRf,*******,*******,*******,*******,*******,*******,anonymous,EN,1,X,,,,2,,,,,,,,,,,,,,,,,,,,,,,,,,,,,0,0,435.902,0,,,,,,,,,,,,,,,,,,,2,0.763,462.339,462.768,2,,,,,,,,,,,,,,,,,,,,,,,,,,,,,,,,,,,,,,,,,,,,,,,,,,,,,,,,,,,,,,,1
2016-05-21 09:27:58,2016-05-21 09:47:23,0,*******,100,1164,1,2016-05-21 09:47:23,R_QboJgrZHl6JoFj3,*******,*******,*******,*******,*******,*******,anonymous,EN,1,30,1,2,Filipino,2,3,2,5,6,3,4,3,4,4,2,2,4,6,2,5,2,1,1,1,1,1,1,1,1,1,1,1,1,10.03,202.582,339.083,13,2,2,2,1,1,1,1,1,1,1,1,1,1,,,,,,,,,,,3,1.417,274.353,285.997,4,Popular - Aaron Tveit,Thank Goodness - Kristin Chenoweth,1,1,1,1,1,1,1,1,1,1,2,2,1,4,5,4,2,4,2,3,2,2,2,2,2,4,2,2,1,1,5,2,4,2,4,4,2,3,3,2,3,3,2,2,4,4,2,2,5,5,2,4,3,5,2,2
2016-05-17 22:05:18,2016-05-22 10:06:02,0,*******,100,388843,1,2016-05-22 10:06:02,R_5hSRo522NLmWJ6V,*******,*******,*******,*******,*******,*******,anonymous,EN,2,,,,,,,,,,,,,,,,,,,,,,,,,,,,,,,,,,,,,,,,,,,,,,,,,,,,,,,,,,,,,,,,,,,,,,,,,,,,,,,,,,,,,,,,,,,,,,,,,,,,,,,,,,,,,,,,,,,,,,,,,,,
2016-05-22 10:06:23,2016-05-22 13:18:19,0,*******,100,11515,1,2016-05-22 13:18:20,R_30uxgtAJtxaaaeG,*******,*******,*******,*******,*******,*******,anonymous,EN,1,21,1,1,Australian,2,5,5,3,3,4,5,5,4,5,3,4,4,4,3,5,2,2,1,2,2,1,1,1,3,3,3,3,3,0,0,631.768,0,2,2,3,1,1,2,1,1,2,2,2,1,2,1,2.258,2.258,321.745,1,,,,,,,,,,,,,2,2,1,1,1,1,1,1,3,3,2,2,2,,,,,,,,,,,,,,,,,,,4,4,4,3,3,3,4,4,3,3,2,4,2,3,3,3,2,2,3,3,3,4,4,3,1
2016-05-22 19:19:03,2016-05-22 19:42:47,0,*******,100,1423,1,2016-05-22 19:42:47,R_5AUlmxamB4GvFy9,*******,*******,*******,*******,*******,*******,anonymous,EN,1,21,1,1,Australian,2,5,6,2,4,3,6,5,5,7,2,5,6,2,1,5,2,1,1,2,2,1,1,3,4,5,5,4,4,0,0,351.043,0,3,4,3,1,1,2,1,1,3,3,4,2,2,,,,,,2,2.559,2.559,304.164,1,,,,,,,,2,3,2,1,1,2,1,1,3,2,2,2,2,2,3,1,4,4,2,2,3,3,4,2,4,4,4,5,3,2,2,5,5,4,5,4,3,4,5,2,3,2,3,4,4,1,2,4,2,1,3,3,3,2,5,1
2016-05-23 15:09:33,2016-05-23 15:26:33,0,*******,100,1020,1,2016-05-23 15:26:35,R_2TttfML9o4XGuzX,*******,*******,*******,*******,*******,*******,anonymous,EN,1,20,1,1,Australian,1,7,7,2,1,4,6,6,6,6,2,5,5,2,1,7,2,1,2,1,1,1,2,1,1,1,1,1,1,23.3,23.3,320.133,1,2,3,2,1,1,1,1,1,1,1,1,1,1,1,2.741,2.741,297.276,1,,,,,,,,,,,,,2,1,2,1,1,1,1,1,1,1,1,1,1,,,,,,,,,,,,,,,,,,,4,4,5,4,4,2,1,4,2,2,4,2,1,2,2,2,4,2,4,2,4,4,2,5,0
2016-05-23 15:08:36,2016-05-23 15:27:51,0,*******,100,1155,1,2016-05-23 15:27:52,R_3iDVvIPcXuv0x8F,*******,*******,*******,*******,*******,*******,anonymous,EN,1,21,2,1,Australian,1,4,6,4,1,2,5,6,5,6,2,4,5,2,2,2,2,1,2,1,1,1,1,1,2,2,2,2,1,0,0,308.569,0,2,3,2,1,1,1,1,1,1,2,1,1,1,,,,,,,,,,,3,1.112,30.507,285.002,7,Landslide - Fleetwood Mac,St Jude - Florence & The Machine,2,1,2,1,1,1,,,3,2,3,2,1,4,4,4,2,4,2,2,4,2,2,2,4,4,2,4,2,3,4,4,5,4,4,4,2,4,4,2,2,2,4,4,4,2,2,5,2,1,2,3,2,2,4,1
2016-05-23 15:27:46,2016-05-23 15:28:01,0,*******,100,15,1,2016-05-23 15:28:02,R_2QuOcbFqBcBHE4c,*******,*******,*******,*******,*******,*******,anonymous,EN,2,,,,,,,,,,,,,,,,,,,,,,,,,,,,,,,,,,,,,,,,,,,,,,,,,,,,,,,,,,,,,,,,,,,,,,,,,,,,,,,,,,,,,,,,,,,,,,,,,,,,,,,,,,,,,,,,,,,,,,,,,,,
2016-05-23 15:10:40,2016-05-23 15:28:29,0,*******,100,1068,1,2016-05-23 15:28:31,R_2YysfRD7Xi5SQDU,*******,*******,*******,*******,*******,*******,anonymous,EN,1,22,1,1,Australian,1,5,5,2,1,2,4,4,5,3,2,4,4,1,1,4,1,1,1,1,1,1,1,1,2,2,3,2,2,142.743,142.743,302.395,1,1,1,1,1,1,1,1,1,2,2,3,2,2,,,,,,2,2.095,2.095,283.375,1,,,,,,,,2,1,1,1,1,1,1,1,2,2,2,2,2,3,1,1,4,2,2,2,2,2,2,2,2,2,2,1,4,2,2,2,2,2,5,5,1,5,5,1,2,5,5,3,5,3,4,3,3,2,3,4,4,3,4,0
2016-05-23 15:09:32,2016-05-23 15:29:23,0,*******,100,1191,1,2016-05-23 15:29:25,R_2rjQEXaHwnXUkKm,*******,*******,*******,*******,*******,*******,anonymous,EN,1,18,1,1,English,1,5,6,2,2,2,5,5,5,5,2,4,5,3,2,4,2,1,1,1,1,1,1,1,3,2,2,3,2,0,0,310.812,0,3,4,3,2,3,2,3,2,1,1,1,1,2,,,,,,2,2.494,4.781,297.441,2,,,,,,,,3,4,4,4,4,3,4,4,1,2,2,1,2,1,2,2,5,4,4,4,2,4,3,4,3,4,4,4,4,4,2,3,2,2,4,4,2,4,4,2,3,4,4,2,3,4,4,2,3,3,2,4,3,2,4,0
2016-05-23 15:10:52,2016-05-23 15:32:37,0,*******,100,1305,1,2016-05-23 15:32:38,R_23ggtXck5CDSygU,*******,*******,*******,*******,*******,*******,anonymous,EN,1,20,2,1,Australian,1,6,6,1,1,4,7,6,6,6,1,7,5,2,4,6,4,2,4,1,4,1,1,3,2,3,1,1,1,23.382,114.122,308.182,2,3,5,4,4,4,3,3,3,1,1,1,1,1,,,,,,,,,,,3,24.68,41.32,284.993,4,Bullshit - Dune Rats,,4,4,4,3,3,4,3,3,1,1,2,2,1,2,4,3,2,2,4,3,2,4,2,4,4,4,4,4,4,4,5,4,5,5,5,4,1,5,5,1,1,4,5,1,5,4,5,1,3,5,1,4,1,5,1,1
2016-05-23 15:28:16,2016-05-23 15:45:08,0,*******,100,1012,1,2016-05-23 15:45:09,R_3fjALh7fVioRD2l,*******,*******,*******,*******,*******,*******,anonymous,EN,1,19,2,2,Singaporean,1,4,5,4,1,2,5,5,4,3,1,4,6,6,1,3,1,1,1,1,1,1,1,1,4,3,3,2,1,26.456,96.244,326.615,3,1,3,2,1,1,2,1,1,2,1,1,2,1,,,,,,,,,,,3,1.43,1.43,285.373,1,Ain't Your Mama - Jennifer Lopez,,1,1,1,1,1,1,1,1,4,3,4,4,2,5,4,4,1,4,2,3,2,2,3,2,5,5,4,5,1,1,2,4,5,4,5,5,2,4,5,2,2,4,3,2,4,4,5,2,3,2,2,3,3,5,2,2
2016-05-23 16:07:33,2016-05-23 16:09:42,0,*******,100,129,1,2016-05-23 16:09:43,R_dpp7aILncZGbjAB,*******,*******,*******,*******,*******,*******,anonymous,EN,2,,,,,,,,,,,,,,,,,,,,,,,,,,,,,,,,,,,,,,,,,,,,,,,,,,,,,,,,,,,,,,,,,,,,,,,,,,,,,,,,,,,,,,,,,,,,,,,,,,,,,,,,,,,,,,,,,,,,,,,,,,,
2016-05-23 16:08:47,2016-05-23 16:27:56,0,*******,100,1149,1,2016-05-23 16:27:57,R_2CpvDX1J2o24i8I,*******,*******,*******,*******,*******,*******,anonymous,EN,1,18,1,1,Australian,1,5,4,2,2,4,4,5,5,5,3,3,6,3,2,5,1,1,2,1,2,1,1,1,2,2,2,2,2,0,0,318.627,0,2,3,2,1,1,1,1,1,2,2,2,2,2,1,2.022,278.434,290.328,5,,,,,,,,,,,,,1,1,1,1,1,1,1,1,2,2,2,1,1,,,,,,,,,,,,,,,,,,,4,4,4,4,4,2,5,4,2,1,3,3,2,2,3,4,2,2,4,2,2,3,4,4,0
2016-05-23 16:09:55,2016-05-23 16:27:56,0,*******,100,1080,1,2016-05-23 16:27:57,R_tFmlHvqcf3lHv21,*******,*******,*******,*******,*******,*******,anonymous,EN,1,18,2,1,Australian,1,5,5,3,1,4,6,6,5,5,2,4,4,3,3,4,1,1,1,1,1,1,1,1,2,1,2,2,1,0,0,326.707,0,3,3,3,1,2,2,1,1,1,1,1,1,1,1,3.2,3.2,303.82,1,,,,,,,,,,,,,1,1,1,1,1,1,1,1,2,1,1,1,1,,,,,,,,,,,,,,,,,,,3,4,4,5,4,2,4,4,3,2,2,3,2,2,4,4,3,5,3,3,4,4,3,3,1
2016-05-23 16:09:58,2016-05-23 16:30:47,0,*******,100,1249,1,2016-05-23 16:30:48,R_1oiEU5RIOv57OCj,*******,*******,*******,*******,*******,*******,anonymous,EN,1,19,1,1,,1,5,5,2,2,3,5,5,5,4,2,4,5,3,2,3,1,1,1,1,1,1,1,1,4,5,5,4,4,0,0,314.146,0,3,2,2,1,1,1,1,1,2,3,2,2,2,,,,,,,,,,,3,16.391,135.532,285.019,2,Say it - Flume,,1,1,1,1,1,1,1,1,4,5,4,4,4,4,5,5,2,3,2,2,4,2,4,2,3,5,2,2,2,2,3,3,2,2,2,2,4,2,3,3,3,2,2,3,4,3,3,3,2,2,3,3,2,2,4,0
2016-05-23 16:10:37,2016-05-23 16:31:50,0,*******,100,1273,1,2016-05-23 16:31:51,R_xlL6O5R5QmUIdy1,*******,*******,*******,*******,*******,*******,anonymous,EN,1,20,1,2,Hong Kong,1,7,7,3,5,5,7,7,6,7,2,7,6,2,5,7,1,1,1,1,1,1,1,1,5,4,5,5,4,38.786,38.786,347.359,1,4,5,4,3,2,4,5,2,2,3,3,2,2,,,,,,,,,,,3,1.08,8.241,285.71,2,Madness - Muse,,2,2,2,1,1,2,1,1,4,5,5,5,4,5,5,5,3,5,1,4,4,2,5,4,5,5,5,2,2,2,3,2,4,5,4,2,2,5,4,3,5,4,2,2,2,5,5,2,5,4,1,4,4,5,2,1
2016-05-23 16:08:34,2016-05-23 16:33:17,0,*******,100,1482,1,2016-05-23 16:33:18,R_w6Q11PUxw38ulX3,*******,*******,*******,*******,*******,*******,anonymous,EN,1,21,2,1,Ecuadorian,1,6,6,2,2,2,6,6,6,6,2,7,6,3,2,6,3,2,2,2,1,1,2,2,4,4,4,4,4,0,0,323.22,0,4,4,3,2,2,1,2,2,3,3,3,3,3,,,,,,2,3.093,3.093,296.09,1,,,,,,,,3,3,3,2,1,1,2,2,2,2,2,2,2,3,1,1,4,3,3,4,3,3,4,4,4,3,3,4,3,3,2,2,4,4,4,4,2,4,4,3,2,3,4,3,2,4,4,2,4,4,2,3,4,4,3,1
2016-05-24 10:07:57,2016-05-24 10:24:27,0,*******,100,989,1,2016-05-24 10:24:29,R_1eyrcZHLfhzrmYc,*******,*******,*******,*******,*******,*******,anonymous,EN,1,18,1,1,Australian,1,6,6,3,1,4,5,6,5,4,3,4,6,1,4,5,2,1,1,2,2,1,1,1,3,3,4,3,2,95.887,95.887,310.548,1,4,5,4,3,2,1,1,1,2,2,2,2,2,,,,,,2,4.795,4.795,280.749,1,,,,,,,,4,4,5,4,4,4,3,2,2,1,1,1,1,2,2,1,5,5,2,5,2,4,3,4,4,5,3,1,4,4,4,4,4,4,4,4,2,4,5,2,1,4,3,1,4,4,3,3,2,2,3,4,3,4,3,0
2016-05-24 10:07:52,2016-05-24 10:25:13,0,*******,100,1041,1,2016-05-24 10:25:14,R_1jvOIZ8VQNvNvhr,*******,*******,*******,*******,*******,*******,anonymous,EN,1,18,1,1,South African,1,6,6,5,1,2,6,7,6,5,2,7,5,1,4,7,1,1,1,1,1,1,1,1,4,4,5,5,4,0,0,317.638,0,3,2,1,1,1,1,1,1,3,4,4,3,3,1,1.695,224.277,282.775,11,,,,,,,,,,,,,1,1,1,1,1,1,1,1,4,4,3,3,4,,,,,,,,,,,,,,,,,,,4,4,2,3,1,5,2,2,4,4,2,2,1,2,5,4,1,5,4,1,5,4,4,1,0
2016-05-24 10:12:20,2016-05-24 10:26:32,0,*******,100,851,1,2016-05-24 10:26:33,R_1ovhwhXUdnfd9ic,*******,*******,*******,*******,*******,*******,anonymous,EN,1,20,2,1,Australian,1,4,5,2,2,2,5,4,3,5,2,5,4,2,2,2,1,1,1,1,1,1,1,1,3,3,3,3,3,0,0,320.207,0,2,2,2,1,1,1,1,1,2,2,2,2,2,,,,,,2,1.877,1.877,283.423,1,,,,,,,,2,2,2,2,1,1,1,1,2,1,2,1,1,3,2,1,3,2,3,2,2,2,2,3,2,2,3,3,3,2,4,4,4,4,4,4,2,4,4,2,2,4,4,3,4,2,2,3,3,2,3,3,2,2,3,1
2016-05-24 10:08:21,2016-05-24 10:27:48,0,*******,100,1167,1,2016-05-24 10:27:50,R_AvbUskVBnWkNWnv,*******,*******,*******,*******,*******,*******,anonymous,EN,1,20,1,1,Australian,1,6,5,3,2,4,4,4,5,5,3,5,5,2,1,5,4,3,3,3,2,2,2,2,2,3,4,4,2,0,0,352.472,0,2,2,3,1,1,2,1,2,1,1,1,1,1,,,,,,,,,,,3,1.784,1.784,285.023,1,Holy Roller - Thao,Eventually - Tame Impala,2,1,2,1,2,1,1,2,2,1,1,1,1,3,3,2,3,4,2,4,2,4,4,4,4,4,4,2,2,4,4,4,2,4,4,4,2,4,4,2,1,3,4,2,2,4,4,2,4,4,2,4,4,4,4,0
2016-05-24 11:08:39,2016-05-24 11:22:54,0,*******,100,854,1,2016-05-24 11:22:54,R_3hfJt5XY4kTnwzh,*******,*******,*******,*******,*******,*******,anonymous,EN,1,18,2,1,Australian,1,5,5,4,2,3,5,4,4,4,2,4,3,4,1,1,1,1,1,1,1,1,1,1,2,2,2,1,1,17.461,190.38,311.053,5,2,2,1,1,1,1,1,1,2,1,2,1,1,1,3.1,3.1,282.381,1,,,,,,,,,,,,,1,1,1,1,1,2,1,1,1,1,1,1,1,,,,,,,,,,,,,,,,,,,2,2,2,2,2,3,2,3,4,3,2,2,3,4,2,3,4,2,2,4,2,2,3,4,1
2016-05-24 11:08:42,2016-05-24 11:25:28,0,*******,100,1006,1,2016-05-24 11:25:29,R_AHjBX2MuVwkAWoV,*******,*******,*******,*******,*******,*******,anonymous,EN,1,19,2,1,Australian-British,1,6,5,2,1,4,7,5,5,5,2,5,4,1,5,3,3,3,3,4,4,4,2,1,2,2,1,1,1,45.537,189.861,330.739,2,3,2,1,1,2,2,1,1,2,2,1,1,1,,,,,,2,2.075,2.075,281.662,1,,,,,,,,2,2,1,1,1,2,1,1,2,2,1,1,1,3,1,1,4,1,3,1,3,3,1,1,1,1,1,3,3,1,2,3,4,5,5,5,1,5,5,1,1,4,4,4,4,3,3,3,1,1,4,2,2,1,3,1
2016-05-24 12:09:13,2016-05-24 12:25:22,0,*******,100,968,1,2016-05-24 12:25:23,R_2aJE1Imau8QZwwq,*******,*******,*******,*******,*******,*******,anonymous,EN,1,18,1,1,Australian,2,4,5,3,3,4,5,5,4,5,1,4,4,3,2,5,2,2,2,1,2,1,1,1,2,3,3,2,2,0,0,305.043,0,3,2,2,1,1,2,2,1,1,2,2,1,1,1,2.511,4.839,296.295,2,,,,,,,,,,,,,4,1,1,2,1,1,2,2,1,1,1,1,1,,,,,,,,,,,,,,,,,,,4,2,3,4,4,2,4,4,2,3,4,4,1,4,4,4,1,5,4,1,4,4,4,3,1
2016-05-17 14:29:00,2016-05-17 14:31:56,0,*******,30,176,0,2016-05-24 14:31:59,R_11cny4nw8DzeIM2,*******,*******,*******,*******,*******,*******,anonymous,EN,1,41,2,1,audtralian,2,4,5,4,4,4,5,5,5,5,1,3,5,3,2,4,1,1,1,1,1,1,1,1,2,3,2,2,2,,,,,,,,,,,,,,,,,,,,,,,,,,,,,,,,,,,,,,,,,,,,,,,,,,,,,,,,,,,,,,,,,,,,,,,,,,,,,,,,,,,,,,,,,,2
2016-05-24 16:08:20,2016-05-24 16:31:54,0,*******,100,1413,1,2016-05-24 16:31:54,R_30xe2wYEqfQ6M9W,*******,*******,*******,*******,*******,*******,anonymous,EN,1,19,2,1,Australian,2,7,7,3,5,3,6,5,5,6,2,5,5,3,4,5,1,1,1,1,1,1,1,1,3,3,4,4,3,0,0,348.85,0,2,2,2,1,2,2,2,1,1,1,1,1,1,,,,,,,,,,,3,3.374,3.374,285.015,1,Black Dress - Kisschasy,,2,2,3,1,1,1,1,1,1,1,1,1,1,3,4,4,5,4,3,4,3,3,3,3,3,5,3,1,2,1,3,4,5,4,5,4,2,4,4,2,4,4,4,1,5,1,3,3,3,3,4,2,3,3,4,2
2016-05-17 16:29:53,2016-05-17 16:32:07,0,*******,30,133,0,2016-05-24 16:32:57,R_3fCR9WCNADCoADX,*******,*******,*******,*******,*******,*******,anonymous,EN,1,22,2,1,Australian,2,5,5,2,3,3,7,6,6,7,2,4,5,4,4,4,2,1,1,2,2,2,2,5,2,1,2,1,1,,,,,,,,,,,,,,,,,,,,,,,,,,,,,,,,,,,,,,,,,,,,,,,,,,,,,,,,,,,,,,,,,,,,,,,,,,,,,,,,,,,,,,,,,,2
2016-05-17 16:33:42,2016-05-17 16:39:50,0,*******,52,367,0,2016-05-24 16:39:53,R_8oFxFimcV7s9QDT,*******,*******,*******,*******,*******,*******,anonymous,EN,1,20,2,5,Australian,2,6,5,4,2,2,5,5,5,6,3,5,5,3,4,5,1,1,1,1,1,1,1,1,4,3,4,4,3,0,0,225.84,0,3,3,3,3,2,2,2,2,3,3,2,1,2,,,,,,2,1.691,1.691,29.79,1,,,,,,,,,,,,,,,,,,,,,,,,,,,,,,,,,,,,,,,,,,,,,,,,,,,,,,,,,,,,,,,6
2016-05-17 16:50:51,2016-05-17 17:03:04,0,*******,79,733,0,2016-05-24 17:03:21,R_z6jnU1HS7jQ60Vj,*******,*******,*******,*******,*******,*******,anonymous,EN,1,20,1,1,Australian,2,4,4,3,2,2,5,4,4,4,1,4,4,4,1,5,2,1,2,1,1,1,1,1,1,3,2,1,4,0,0,4.31,0,3,3,4,1,1,1,1,1,1,1,1,1,1,,,,,,,,,,,3,4.118,4.118,285.362,1,Witness - Bless the Fall,Sound of Silence - Disturbed,1,1,1,1,1,1,1,1,4,4,4,2,3,4,5,4,4,4,1,3,3,1,3,3,4,4,3,3,2,3,2,,,,,,,,,,,,,,,,,,,,,,,,,1
2016-05-17 16:56:18,2016-05-17 17:02:59,0,*******,60,400,0,2016-05-24 17:03:49,R_prWtVf51FlpOZhv,*******,*******,*******,*******,*******,*******,anonymous,EN,1,22,2,5,australian,2,5,4,3,4,2,5,5,4,4,3,4,4,4,4,4,4,3,4,4,3,4,2,2,2,2,2,2,2,0,0,21.313,0,2,2,2,2,4,2,2,5,2,2,2,2,2,,,,,,,,,,,3,1.078,16.749,33.777,3,cheap thrills - sia,Work - Rihanna and drake,3,2,1,1,1,1,1,1,,,,,,,,,,,,,,,,,,,,,,,,,,,,,,,,,,,,,,,,,,,,,,,,6
2016-05-17 18:02:00,2016-05-17 18:02:09,0,*******,2,9,0,2016-05-24 18:02:40,R_33dmmbmsFDXjo7k,*******,*******,*******,*******,*******,*******,anonymous,EN,,,,,,,,,,,,,,,,,,,,,,,,,,,,,,,,,,,,,,,,,,,,,,,,,,,,,,,,,,,,,,,,,,,,,,,,,,,,,,,,,,,,,,,,,,,,,,,,,,,,,,,,,,,,,,,,,,,,,,,,,,,,
2016-05-17 18:43:29,2016-05-17 18:45:36,0,*******,6,126,0,2016-05-24 18:46:01,R_2rJzN7e22bVyN0x,*******,*******,*******,*******,*******,*******,anonymous,EN,1,39,2,1,australian,2,,,,,,,,,,,,,,,,,,,,,,,,,,,,,,,,,,,,,,,,,,,,,,,,,,,,,,,,,,,,,,,,,,,,,,,,,,,,,,,,,,,,,,,,,,,,,,,,,,,,,,,,,,,,,,,,,,,,,,2
2016-05-17 19:11:10,2016-05-17 19:11:26,0,*******,2,16,0,2016-05-24 19:11:32,R_2bj66e63EoK2XW9,*******,*******,*******,*******,*******,*******,anonymous,EN,1,,,,,,,,,,,,,,,,,,,,,,,,,,,,,,,,,,,,,,,,,,,,,,,,,,,,,,,,,,,,,,,,,,,,,,,,,,,,,,,,,,,,,,,,,,,,,,,,,,,,,,,,,,,,,,,,,,,,,,,,,,,
2016-05-17 19:03:17,2016-05-17 19:17:29,0,*******,99,851,0,2016-05-24 19:17:54,R_3ekJgZd70YsCwI7,*******,*******,*******,*******,*******,*******,anonymous,EN,1,20,1,1,Australian,2,6,6,2,1,1,6,6,5,7,1,4,5,2,2,6,2,1,1,1,2,1,1,2,3,1,2,2,2,0,0,198.72,0,2,3,3,1,1,2,1,1,1,1,1,1,1,,,,,,2,4.264,19.383,122.038,2,,,,,,,,2,3,3,1,1,2,1,2,1,1,1,1,1,,,,,,,,,,,,,,,,,,,3,3,4,4,4,2,4,4,2,3,4,3,2,4,3,4,2,2,4,2,3,2,3,3,1
2016-05-17 19:47:20,2016-05-17 19:56:51,0,*******,50,570,0,2016-05-24 19:57:13,R_1C91N31Hqud6gzR,*******,*******,*******,*******,*******,*******,anonymous,EN,1,54,2,1,Scottish,2,5,5,3,4,4,5,5,5,5,3,4,5,4,4,4,1,2,2,1,2,1,1,1,2,3,3,2,2,0,0,13.83,0,1,2,2,1,2,1,1,1,3,2,2,2,2,,,,,,,,,,,,,,,,,,,,,,,,,,,,,,,,,,,,,,,,,,,,,,,,,,,,,,,,,,,,,,,,,,,,,,,,,2
2016-05-24 19:52:26,2016-05-24 20:08:15,0,*******,100,948,1,2016-05-24 20:08:16,R_2V9p3iBrdicbnNF,*******,*******,*******,*******,*******,*******,anonymous,EN,1,20,2,1,Australian,2,2,4,7,4,3,5,5,4,5,4,4,3,5,2,4,1,1,1,2,2,1,2,3,2,3,3,3,3,0,0,310.735,0,2,2,2,3,2,2,3,3,2,2,1,1,2,,,,,,2,1.952,1.952,299.972,1,,,,,,,,2,2,1,1,1,1,2,2,1,2,1,1,1,3,2,1,4,2,2,2,1,2,2,4,2,4,4,2,2,2,4,4,4,4,5,4,2,4,4,2,2,4,4,2,4,2,3,3,4,2,3,5,4,2,4,2
2016-05-17 18:12:21,2016-05-18 00:10:51,0,*******,99,21510,0,2016-05-25 00:10:57,R_czKEQDEUDYj8koB,*******,*******,*******,*******,*******,*******,anonymous,,1,33,1,1,"Australian ",2,5,5,3,2,2,4,4,4,4,2,4,5,4,3,5,4,2,3,4,4,4,4,2,1,1,1,1,1,0,0,309.815,0,4,2,2,4,4,4,4,2,1,1,1,1,1,,,,,,,,,,,3,2.601,2.601,34.177,1,"Paul van dyk live at turbine hall obertshausen ",,3,2,3,4,4,4,4,2,1,1,1,1,1,3,5,4,1,4,3,3,4,4,3,3,4,5,3,4,1,3,3,4,4,4,4,4,2,4,4,2,1,4,4,2,3,5,4,1,4,3,1,4,3,2,4,1
2016-05-18 06:11:22,2016-05-18 07:32:37,0,*******,79,4874,0,2016-05-25 07:33:18,R_eFM8SkgNZ2GUoiR,*******,*******,*******,*******,*******,*******,anonymous,EN,1,31,2,1,Australian,2,5,5,3,2,4,5,5,5,4,2,5,5,3,2,4,1,1,1,1,2,1,2,1,3,2,2,3,1,0,0,326.305,0,2,4,3,2,1,2,2,1,1,1,1,1,1,1,2.478,2.478,305.285,1,,,,,,,,,,,,,2,1,1,2,3,2,2,2,1,1,2,1,1,,,,,,,,,,,,,,,,,,,,,,,,,,,,,,,,,,,,,,,,,,,2
2016-05-26 13:06:03,2016-05-26 13:21:07,0,*******,100,903,1,2016-05-26 13:21:08,R_3D2fsQPzLO9hJ17,*******,*******,*******,*******,*******,*******,anonymous,EN,1,20,1,1,"Australian ",2,4,5,2,3,2,5,5,2,5,2,5,5,4,4,5,2,2,2,1,1,1,1,1,3,3,3,2,4,0,0,305.414,0,3,3,3,2,2,3,2,1,2,2,2,2,2,1,1.757,242.735,284.304,19,,,,,,,,,,,,,3,3,2,1,1,2,2,2,2,2,1,2,2,,,,,,,,,,,,,,,,,,,4,4,4,4,4,2,4,4,2,3,4,3,1,2,4,5,1,5,4,1,4,5,4,1,1
2016-05-26 13:05:52,2016-05-26 13:23:37,0,*******,100,1064,1,2016-05-26 13:23:38,R_3gSfn6DpcT6fLNp,*******,*******,*******,*******,*******,*******,anonymous,EN,1,20,2,5,Australian,1,6,6,2,1,1,5,7,6,2,1,4,6,1,4,5,1,1,1,1,1,1,1,1,3,3,3,3,3,55.934,55.934,311.131,1,2,2,2,1,1,1,2,1,1,2,1,1,1,,,,,,,,,,,3,2.787,113.64,285.009,2,Arsonists Lullaby- Hozier,,2,2,2,1,1,1,1,1,2,1,1,1,1,3,5,3,3,4,2,3,4,2,4,4,4,5,4,3,4,2,2,4,4,4,4,4,2,4,4,2,3,4,3,2,5,4,3,1,2,5,2,5,1,2,3,5
2016-05-26 13:05:49,2016-05-26 13:25:13,0,*******,100,1163,1,2016-05-26 13:25:14,R_1hTlcozr09bXAna,*******,*******,*******,*******,*******,*******,anonymous,EN,1,20,1,2,Sri Lankan,1,4,4,1,4,4,4,4,4,4,2,4,4,2,2,4,2,1,3,1,2,2,1,1,1,1,1,1,1,0,0,317.353,0,2,2,2,1,1,2,1,1,1,1,1,1,1,,,,,,,,,,,3,13.622,156.184,284.992,4,Dani California - Red Hot Chili Peppers,,1,1,2,1,1,1,1,1,2,2,2,1,1,3,5,3,2,4,1,3,2,2,3,3,3,4,2,3,2,2,2,2,3,3,2,2,4,2,4,4,3,2,2,1,2,4,4,2,4,3,2,4,4,5,2,1
2016-05-26 13:06:31,2016-05-26 13:25:53,0,*******,100,1161,1,2016-05-26 13:25:54,R_2DRNoBvz24dOjHv,*******,*******,*******,*******,*******,*******,anonymous,EN,1,19,2,1,Australian,1,7,4,4,2,4,5,6,6,7,4,3,6,3,5,6,1,1,1,3,3,1,2,3,3,3,2,1,1,0,0,310.537,0,3,2,2,3,3,1,2,2,3,3,3,2,2,1,2.21,2.21,296.011,1,,,,,,,,,,,,,2,3,2,2,2,1,2,3,2,2,1,1,1,,,,,,,,,,,,,,,,,,,4,5,5,5,4,2,4,5,2,2,4,2,1,2,5,5,1,5,5,1,4,5,5,2,1
2016-05-26 13:28:22,2016-05-26 13:45:55,0,*******,100,1053,1,2016-05-26 13:45:56,R_300pHStCbIFBDkD,*******,*******,*******,*******,*******,*******,anonymous,EN,1,18,1,1,Australian,1,6,6,2,2,2,7,6,6,4,3,5,4,2,2,4,2,2,2,2,2,2,2,2,4,3,3,3,3,0,0,322.986,0,2,2,3,3,3,3,2,3,2,2,2,2,1,,,,,,2,2.083,2.083,294.006,1,,,,,,,,3,3,2,3,2,2,3,3,2,2,1,1,1,2,4,1,4,3,2,2,1,4,3,3,3,1,2,2,5,2,3,3,4,4,3,4,2,4,4,2,3,3,3,3,5,3,3,3,3,3,3,3,3,2,2,0
2016-05-26 14:05:24,2016-05-26 14:20:52,0,*******,100,928,1,2016-05-26 14:20:53,R_2dhz8B08nRAU00v,*******,*******,*******,*******,*******,*******,anonymous,EN,1,18,2,1,Australian,1,6,5,3,1,2,5,5,5,5,2,4,5,2,1,2,1,1,1,1,1,1,1,1,3,3,2,2,2,0,0,309.915,0,1,2,2,1,1,1,1,1,2,2,2,1,1,,,,,,2,2.025,2.025,281.569,1,,,,,,,,2,1,1,1,2,1,1,1,2,1,1,1,1,2,1,1,4,2,3,3,2,3,3,3,3,2,3,2,4,3,2,4,4,3,3,4,3,4,4,3,3,3,4,4,4,2,3,3,2,3,4,4,3,3,4,1
2016-05-26 14:05:15,2016-05-26 14:21:22,0,*******,100,966,1,2016-05-26 14:21:23,R_2OP8RZdoY6j8jnJ,*******,*******,*******,*******,*******,*******,anonymous,EN,1,25,1,1,Australian,1,2,6,3,2,2,4,4,2,5,2,2,4,3,2,4,1,1,1,1,1,1,1,1,1,1,1,1,1,0,0,314.977,0,2,2,1,1,1,2,1,1,1,1,1,1,1,1,1.608,1.608,292.096,1,,,,,,,,,,,,,1,2,1,1,1,1,1,1,1,1,1,1,1,,,,,,,,,,,,,,,,,,,3,5,3,5,4,2,4,5,4,2,4,2,2,4,2,2,2,4,3,2,4,2,2,2,0
2016-05-26 14:06:48,2016-05-26 14:25:11,0,*******,100,1103,1,2016-05-26 14:25:12,R_12hxxI9vvAe9SH4,*******,*******,*******,*******,*******,*******,anonymous,EN,1,21,2,2,Malaysian,1,4,6,3,2,1,4,7,7,4,1,3,6,4,2,4,3,3,4,3,3,1,3,3,3,3,3,3,2,25.185,216.066,324.484,7,4,4,4,4,4,3,4,3,2,2,2,2,1,,,,,,,,,,,3,2.845,270.869,283.334,7,7 years - Lukas Graham,One Call Away - Charlie Puth,3,2,2,1,1,1,1,1,3,3,3,3,3,4,4,4,3,4,2,4,4,2,4,4,4,4,4,4,3,3,3,2,4,4,4,4,2,4,4,2,2,2,4,2,3,4,4,2,3,4,2,3,3,3,3,2
2016-05-27 10:05:54,2016-05-27 10:25:18,0,*******,100,1163,1,2016-05-27 10:25:19,R_Oe7RLCsbklPCXTP,*******,*******,*******,*******,*******,*******,anonymous,EN,1,21,1,5,Ecuadorian,1,6,5,1,2,1,7,6,5,6,2,4,7,2,2,7,1,1,2,2,1,1,1,1,4,3,4,3,4,0,0,323.275,0,3,2,2,1,2,1,1,1,3,3,3,3,2,1,1.706,1.706,282.943,1,,,,,,,,,,,,,2,2,1,1,2,1,1,1,3,2,3,2,3,,,,,,,,,,,,,,,,,,,1,2,3,3,2,2,3,4,4,4,3,1,1,3,3,4,3,4,3,2,4,4,3,3,4
2016-05-27 10:06:22,2016-05-27 10:25:50,0,*******,100,1167,1,2016-05-27 10:25:51,R_dhwnTGTr2fbF7jj,*******,*******,*******,*******,*******,*******,anonymous,EN,1,19,2,1,French,1,5,5,2,1,3,6,6,5,6,2,5,5,4,3,5,1,2,2,1,1,1,1,1,4,3,3,4,3,23.905,23.905,335.869,1,3,2,2,1,1,1,1,1,3,3,3,3,3,,,,,,,,,,,"3 ",7.026,7.026,284.992,1,En Cavale - Pomme,,3,3,3,1,2,1,1,1,3,3,2,2,2,3,4,4,4,4,3,4,3,2,3,3,4,4,4,2,4,3,4,2,4,3,4,3,2,4,3,4,2,4,2,3,3,3,3,2,4,3,3,3,4,3,4,1
2016-05-27 10:06:30,2016-05-27 10:31:14,0,*******,100,1483,1,2016-05-27 10:31:15,R_AAqJjJ6Ei5A9Nfj,*******,*******,*******,*******,*******,*******,anonymous,EN,1,18,1,1,Australia,1,6,5,2,3,4,5,5,5,6,4,5,5,3,6,5,1,1,1,1,1,1,2,1,4,4,4,3,2,0,0,314.407,0,2,3,3,2,3,2,3,1,2,3,2,2,1,,,,,,2,4.766,4.766,299.138,1,,,,,,,,3,3,4,3,3,2,3,1,3,2,2,1,1,2,4,2,4,4,3,4,3,3,4,4,4,4,4,2,3,3,2,4,4,4,4,4,2,5,4,2,3,4,4,2,2,4,4,2,4,4,2,4,4,4,2,0
2016-05-27 10:08:15,2016-05-27 10:31:38,0,*******,100,1402,1,2016-05-27 10:31:39,R_1BR9Bq3w4NVEEMB,*******,*******,*******,*******,*******,*******,anonymous,EN,1,19,2,1,Australian,1,5,6,3,4,4,4,6,4,4,2,5,5,1,4,5,1,1,1,1,1,1,1,1,4,4,4,4,4,0,0,312.847,0,3,4,3,2,2,1,2,1,3,3,3,2,2,1,4.301,4.301,293.396,1,,,,,,,,,,,,,1,1,1,1,1,1,1,1,3,3,3,2,2,,,,,,,,,,,,,,,,,,,4,4,4,4,4,3,5,4,2,2,3,3,3,3,3,3,2,2,2,2,3,3,2,4,1
2016-05-27 10:07:02,2016-05-27 10:32:18,0,*******,100,1515,1,2016-05-27 10:32:19,R_3KAPAKPO17Z5Mm6,*******,*******,*******,*******,*******,*******,anonymous,EN,1,18,1,1,Australian,1,5,5,3,2,3,4,6,3,4,2,3,4,3,1,4,1,1,1,1,2,1,1,1,3,4,3,3,2,0,0,362.095,0,2,3,2,1,1,2,2,1,2,2,2,2,1,,,,,,2,4.143,4.143,295.313,1,,,,,,,,2,2,2,1,1,1,2,1,2,2,2,2,1,2,1,1,4,2,3,2,2,2,2,2,2,2,4,3,4,2,4,2,4,4,4,2,3,4,4,2,2,3,2,2,2,3,3,2,4,3,2,3,3,3,4,0
2016-05-27 11:06:09,2016-05-27 11:26:31,0,*******,100,1221,1,2016-05-27 11:26:32,R_2Y39ynvp1err66N,*******,*******,*******,*******,*******,*******,anonymous,EN,1,19,2,2,Hong Kong,1,5,7,1,3,6,7,7,4,4,4,5,4,4,6,6,1,1,1,1,1,1,1,1,3,3,4,3,3,0,0,313.936,0,3,4,3,2,2,3,2,2,3,2,2,2,2,,,,,,2,2.046,125.386,285.074,3,,,,,,,,2,3,2,1,1,1,1,1,2,2,2,2,2,2,3,1,4,4,4,4,2,4,2,4,4,4,4,4,3,2,1,2,3,5,4,3,2,5,5,3,1,3,4,3,4,4,4,2,4,4,1,3,5,4,3,2
2016-05-27 11:05:40,2016-05-27 11:27:13,0,*******,100,1292,1,2016-05-27 11:27:14,R_bskKjeg5XB3Q8VP,*******,*******,*******,*******,*******,*******,anonymous,EN,1,18,2,2,vietnamese,1,7,7,1,6,7,7,7,7,7,1,7,7,1,7,7,1,1,1,1,1,1,1,1,2,3,2,2,1,0,0,330.499,0,1,1,1,1,1,1,1,1,2,2,2,2,1,,,,,,,,,,,3,1.604,1.604,285.018,1,I love you-Little Mix,Bed Rock-Young Money,1,1,1,1,1,1,1,1,5,5,5,5,5,5,5,3,1,1,3,1,1,1,1,1,1,1,1,1,1,1,5,1,1,1,5,5,1,3,3,3,5,3,5,5,1,3,3,3,2,2,2,2,2,2,2,2
2016-05-27 11:05:43,2016-05-27 11:27:43,0,*******,100,1319,1,2016-05-27 11:27:44,R_31mH1OJv89oQoQQ,*******,*******,*******,*******,*******,*******,anonymous,EN,1,18,2,2,Australian,1,6,6,4,5,3,6,5,4,6,2,6,4,5,2,6,1,1,1,1,1,1,1,1,2,2,2,1,1,0,0,352.408,0,3,3,3,2,2,2,2,2,2,1,1,1,1,1,3.365,3.365,294.221,1,,,,,,,,,,,,,1,1,1,1,1,1,1,1,1,1,1,1,1,,,,,,,,,,,,,,,,,,,2,3,2,4,3,3,4,4,3,2,2,2,1,3,4,5,2,5,3,2,4,4,4,2,2
2016-05-27 11:05:49,2016-05-27 11:33:52,0,*******,100,1682,1,2016-05-27 11:33:53,R_2VDYd5SkFmx6k1j,*******,*******,*******,*******,*******,*******,anonymous,EN,1,19,1,1,Australian,1,4,5,3,4,3,4,5,4,5,3,2,5,3,2,4,1,1,1,1,1,1,1,1,4,4,3,3,3,0,0,324.152,0,2,2,2,1,1,1,2,1,3,3,3,3,3,,,,,,,,,,,3,4.372,13.658,285.044,2,The Buzz - Hermitude,Jimmy Recard - Drapht,1,1,1,1,1,1,1,1,5,4,4,5,4,4,4,3,2,4,2,3,3,2,3,2,3,4,3,3,2,2,3,3,2,2,2,3,3,4,4,2,3,3,3,3,4,3,4,3,3,3,2,4,3,3,3,0
2016-05-27 11:30:21,2016-05-27 11:48:08,0,*******,100,1066,1,2016-05-27 11:48:09,R_3MA0d3JhUn77ZY8,*******,*******,*******,*******,*******,*******,anonymous,EN,1,21,2,2,Chinese,1,4,7,2,6,1,7,7,7,7,1,5,7,2,4,7,1,1,1,1,1,1,1,1,4,4,5,4,2,215.298,215.298,326.655,1,2,4,1,2,2,1,2,1,3,4,3,3,2,,,,,,2,2.239,2.239,293.548,1,,,,,,,,2,3,3,1,1,1,1,1,2,2,2,2,2,4,2,1,4,4,3,5,2,4,4,4,4,1,3,2,4,4,2,4,4,4,4,3,2,4,4,2,2,4,3,2,2,4,4,2,4,4,2,4,4,4,2,2
2016-05-22 20:07:03,2016-05-22 20:14:25,0,*******,50,441,0,2016-05-29 20:15:11,R_1hTrEl6Lxluts5O,*******,*******,*******,*******,*******,*******,anonymous,EN,1,22,1,1,australian,2,4,4,4,4,4,4,4,4,4,4,4,4,4,4,4,3,3,3,3,3,3,3,3,3,3,3,3,3,0,0,304.806,0,3,3,3,3,3,3,3,3,3,3,3,3,3,,,,,,,,,,,,,,,,,,,,,,,,,,,,,,,,,,,,,,,,,,,,,,,,,,,,,,,,,,,,,,,,,,,,,,,,,1
2016-05-30 13:07:47,2016-05-30 13:08:14,0,*******,100,26,1,2016-05-30 13:08:14,R_1gSyh4JbnhAhIgJ,*******,*******,*******,*******,*******,*******,anonymous,EN,2,,,,,,,,,,,,,,,,,,,,,,,,,,,,,,,,,,,,,,,,,,,,,,,,,,,,,,,,,,,,,,,,,,,,,,,,,,,,,,,,,,,,,,,,,,,,,,,,,,,,,,,,,,,,,,,,,,,,,,,,,,,
2016-05-30 13:08:12,2016-05-30 13:27:38,0,*******,100,1165,1,2016-05-30 13:27:39,R_3eqqSHqGKWJGbtn,*******,*******,*******,*******,*******,*******,anonymous,EN,1,18,1,1,australian,1,6,6,2,1,2,5,6,6,3,1,4,4,2,1,4,1,1,1,1,1,1,1,1,4,4,4,4,4,0,0,319.501,0,4,4,4,2,4,3,3,2,1,2,2,1,1,,,,,,,,,,,3,1.479,15.598,284.991,2,ADHD- Kendrick lamar,Bitch dont kill my vibe - kendrick lamar,3,3,3,2,3,3,1,1,1,1,1,1,1,4,5,5,3,4,2,4,4,2,4,4,4,5,4,4,3,2,4,1,4,2,5,4,3,4,4,2,4,4,4,2,3,2,2,2,4,3,2,4,4,4,3,0
2016-05-30 13:08:28,2016-05-30 13:28:16,0,*******,100,1187,1,2016-05-30 13:28:17,R_2rw4mEOSlhvDAQX,*******,*******,*******,*******,*******,*******,anonymous,EN,1,20,1,2,Kazakh,1,5,4,2,4,3,4,5,4,4,3,3,4,4,4,4,1,1,1,1,1,1,1,1,3,2,3,2,2,0,0,309.417,0,2,3,3,1,1,2,1,1,1,1,1,1,1,1,1.687,81.011,299.761,3,,,,,,,,,,,,,2,1,1,1,1,1,1,1,2,3,3,2,1,,,,,,,,,,,,,,,,,,,3,4,3,4,3,2,4,4,3,2,3,3,3,3,4,3,2,4,3,2,3,3,4,3,1
2016-05-30 13:08:55,2016-05-30 13:30:45,0,*******,100,1310,1,2016-05-30 13:30:46,R_3PCe5RQsGodvBU1,*******,*******,*******,*******,*******,*******,anonymous,EN,1,18,1,2,Srilankan,1,6,5,3,2,6,5,4,5,5,3,5,4,3,3,4,2,2,2,1,1,1,2,1,2,2,2,2,2,0,0,306.79,0,1,2,2,2,1,1,2,1,1,2,1,1,1,1,1.914,1.914,283.069,1,,,,,,,,,,,,,1,1,1,1,1,1,1,1,1,1,1,1,1,,,,,,,,,,,,,,,,,,,2,4,4,4,3,2,4,4,2,2,4,4,4,4,2,2,3,3,2,3,3,2,2,3,1
2016-05-30 13:07:54,2016-05-30 13:34:02,0,*******,100,1568,1,2016-05-30 13:34:03,R_1fdWJRduNdKPcxB,*******,*******,*******,*******,*******,*******,anonymous,EN,1,18,2,2,Chinese,1,7,5,3,4,4,5,5,5,5,4,3,4,4,3,5,1,1,1,1,1,1,1,1,1,2,1,1,1,0,0,326.122,0,2,3,2,2,1,2,1,1,1,1,1,1,1,,,,,,2,5.927,5.927,299.98,1,,,,,,,,2,2,3,1,1,1,1,1,1,1,1,1,1,2,3,2,4,4,3,3,2,3,3,4,4,3,2,2,3,3,2,4,4,4,4,3,2,4,5,4,2,2,2,2,2,4,4,2,4,3,1,4,4,4,3,2
2016-05-30 13:09:05,2016-05-30 13:34:44,0,*******,100,1539,1,2016-05-30 13:34:44,R_1P4Zl0bWUv9jHYN,*******,*******,*******,*******,*******,*******,anonymous,EN,1,18,1,1,Australian,1,7,6,2,2,2,7,6,5,6,1,6,6,2,4,6,1,1,1,2,2,1,3,1,3,2,2,2,2,0,0,326.214,0,1,4,2,3,2,1,3,1,1,1,1,1,1,,,,,,,,,,,3,1.867,1.867,285.007,1,The Fault in our Stars - Troye Sivan,Someday soon - the trouble with templeton,1,3,2,1,1,1,2,1,2,1,1,1,1,3,4,2,5,4,1,4,3,4,5,5,4,4,5,2,3,3,5,4,4,4,3,5,3,4,4,2,1,5,4,3,3,2,4,2,4,3,2,3,3,2,3,0
2016-05-30 14:07:55,2016-05-30 14:24:35,0,*******,100,999,1,2016-05-30 14:24:36,R_21vUTIGQtovM8qL,*******,*******,*******,*******,*******,*******,anonymous,EN,1,19,2,3,Iranian,1,6,6,2,5,1,5,7,6,6,2,6,6,2,4,6,2,2,2,3,3,2,2,2,3,3,3,3,3,52.605,212.695,304.35,3,4,5,4,4,3,3,4,3,2,2,2,2,2,1,4.536,94.512,281.921,3,,,,,,,,,,,,,5,3,2,4,4,4,4,4,2,2,2,2,2,,,,,,,,,,,,,,,,,,,3,5,4,5,4,2,5,5,2,2,4,4,2,3,4,4,2,4,4,2,4,4,4,2,3
2016-05-30 14:07:06,2016-05-30 14:25:43,0,*******,100,1116,1,2016-05-30 14:25:44,R_31Wxe76c49042yd,*******,*******,*******,*******,*******,*******,anonymous,EN,1,18,1,1,Australian,1,5,7,3,2,6,5,7,6,6,2,5,4,2,2,6,1,1,1,2,2,1,2,1,4,5,3,4,4,230.986,282.119,305.176,2,2,3,2,1,2,2,1,1,3,4,3,3,3,,,,,,,,,,,3,14.634,14.634,284.936,1,"One more time- Daft Punk ",CHVRCHES- Leave a trace,2,1,1,1,2,1,1,1,3,4,4,4,4,4,5,2,2,2,2,2,4,2,2,2,2,5,3,4,1,1,5,4,5,5,5,5,2,4,4,2,2,3,1,3,3,3,4,4,4,3,1,3,3,3,1,0
2016-05-30 14:08:34,2016-05-30 14:25:50,0,*******,100,1036,1,2016-05-30 14:25:52,R_PCAxQ9hClRefuV3,*******,*******,*******,*******,*******,*******,anonymous,EN,1,19,2,2,China,1,5,5,2,3,3,4,5,5,4,2,4,4,5,3,4,2,1,2,1,1,1,1,1,3,3,2,2,2,0,0,307.067,0,2,2,2,1,1,1,2,1,2,2,3,2,3,,,,,,2,3.21,3.21,294.626,1,,,,,,,,2,2,1,1,1,1,1,1,2,2,3,2,3,3,3,2,4,3,3,3,2,2,3,2,2,3,2,2,3,3,2,4,3,3,4,4,2,4,4,3,2,3,3,2,3,2,4,3,3,2,2,3,3,3,3,2
2016-05-30 14:07:25,2016-05-30 14:27:17,0,*******,100,1191,1,2016-05-30 14:27:18,R_3McejswcWlw5uAW,*******,*******,*******,*******,*******,*******,anonymous,EN,1,18,2,2,South Korean,1,6,7,1,4,4,7,6,7,7,2,4,7,4,6,6,1,1,2,1,1,1,1,1,2,3,3,2,1,0,0,325.876,0,2,4,3,2,1,1,2,2,1,2,1,1,1,,,,,,2,1.712,37.283,296.95,2,,,,,,,,2,2,3,2,3,1,3,2,1,1,1,1,1,1,1,1,4,1,4,4,1,5,3,4,4,1,4,1,4,5,3,3,4,4,4,5,1,4,5,1,4,4,2,2,1,4,4,1,3,5,1,3,5,5,3,2
2016-05-30 14:08:32,2016-05-30 14:27:44,0,*******,100,1151,1,2016-05-30 14:27:45,R_2e5d5k2cYNukRRu,*******,*******,*******,*******,*******,*******,anonymous,EN,1,19,1,1,Australian,1,6,6,2,2,3,6,5,5,6,1,3,5,3,3,4,1,1,1,1,1,1,1,1,2,2,3,3,3,0,0,310.299,0,3,4,2,2,2,2,1,1,2,2,2,1,2,1,2.58,4.216,297.186,2,,,,,,,,,,,,,2,1,2,1,1,1,1,1,2,2,2,1,2,,,,,,,,,,,,,,,,,,,4,2,4,4,2,2,4,4,2,2,4,2,1,4,3,4,2,4,3,2,4,2,4,2,0
2016-05-30 14:08:34,2016-05-30 14:29:45,0,*******,100,1270,1,2016-05-30 14:29:46,R_3lujoBPKmh8wGrN,*******,*******,*******,*******,*******,*******,anonymous,EN,1,1996,2,2,Chinese,1,6,6,3,4,5,5,6,4,5,2,5,5,6,4,5,2,2,2,3,3,2,2,2,4,4,3,3,4,98.164,288.971,302.27,5,4,4,4,4,4,3,3,4,2,1,1,2,2,,,,,,,,,,,3,5.618,277.621,284.98,7,/,/,4,4,4,4,3,3,4,4,2,1,1,1,2,2,4,3,4,3,3,4,4,3,4,4,5,4,4,3,3,4,4,4,4,4,4,5,4,3,3,4,4,3,4,2,3,4,4,3,4,4,2,2,4,4,4,2
2016-05-30 14:08:33,2016-05-30 14:30:19,0,*******,100,1306,1,2016-05-30 14:30:21,R_24kCySlcc7zBeTC,*******,*******,*******,*******,*******,*******,anonymous,EN,1,21,1,1,Australian,1,3,4,2,2,4,5,4,4,5,3,2,4,4,1,4,1,2,1,1,1,2,1,1,3,3,3,3,3,0,0,340.509,0,1,2,1,1,1,2,1,1,3,3,3,3,3,,,,,,,,,,,3,1.993,2.961,285.021,3,O Fortuna - Seiji Ozawa,Fortune Plango Vulnera - Seiji Ozawa,1,2,1,1,1,2,1,1,4,3,3,3,3,4,4,3,3,4,3,3,4,3,2,3,2,5,3,3,4,2,4,2,4,4,4,4,3,2,2,3,3,2,3,1,4,2,4,3,3,5,3,2,4,3,4,0
2016-05-24 10:08:11,2016-05-24 10:14:56,0,*******,30,404,0,2016-05-31 10:15:37,R_3EQoceb4zUulqDT,*******,*******,*******,*******,*******,*******,anonymous,EN,1,20,2,1,Australian,1,4,5,3,2,2,5,5,4,5,3,5,4,2,1,3,1,1,1,1,1,1,1,1,3,3,3,3,3,,,,,,,,,,,,,,,,,,,,,,,,,,,,,,,,,,,,,,,,,,,,,,,,,,,,,,,,,,,,,,,,,,,,,,,,,,,,,,,,,,,,,,,,,,1
2016-05-31 11:11:06,2016-05-31 11:11:30,0,*******,100,24,1,2016-05-31 11:11:31,R_W3xsBrRSKP7k813,*******,*******,*******,*******,*******,*******,anonymous,EN,2,,,,,,,,,,,,,,,,,,,,,,,,,,,,,,,,,,,,,,,,,,,,,,,,,,,,,,,,,,,,,,,,,,,,,,,,,,,,,,,,,,,,,,,,,,,,,,,,,,,,,,,,,,,,,,,,,,,,,,,,,,,
2016-05-31 11:11:08,2016-05-31 11:31:36,0,*******,100,1228,1,2016-05-31 11:31:43,R_4HJVCeOzmvVyCxr,*******,*******,*******,*******,*******,*******,anonymous,EN,1,22,2,2,Chinese,1,7,5,2,6,4,7,7,6,6,2,6,6,2,5,7,1,1,2,1,1,1,1,1,4,4,4,4,3,35.018,60.372,316.575,2,4,4,4,5,4,4,5,3,3,3,3,2,3,1,3.4,7.276,299.77,2,,,,,,,,,,,,,3,2,3,3,3,2,2,1,2,2,2,1,3,,,,,,,,,,,,,,,,,,,4,4,4,4,5,2,4,4,2,2,4,4,4,2,4,4,2,4,4,1,4,4,4,3,2
2016-05-31 11:12:38,2016-05-31 11:32:33,0,*******,100,1194,1,2016-05-31 11:32:33,R_10YJCLRzR7m6Hhi,*******,*******,*******,*******,*******,*******,anonymous,EN,1,22,2,1,Australian,1,5,5,3,2,4,4,5,4,4,2,2,4,3,4,5,2,2,2,2,3,2,3,2,1,1,1,1,1,0,0,314.47,0,2,2,1,2,2,1,1,2,1,1,1,1,1,,,,,,,,,,,3,2.653,219.608,284.99,2,Keep the Streets Empty For Me - Fever Ray,,2,2,1,1,1,1,1,1,1,1,1,1,1,3,3,5,3,4,2,3,4,4,3,4,2,4,2,2,4,4,2,4,4,5,5,5,2,4,4,3,1,4,4,1,4,2,4,3,4,2,3,3,3,3,4,1
2016-05-31 11:10:46,2016-05-31 11:27:31,0,*******,99,1004,0,2016-06-01 14:15:36,R_2SjkMTGSG0DrRk7,*******,*******,*******,*******,*******,*******,anonymous,EN,1,23,2,1,French,1,4,6,3,2,2,6,5,4,3,1,5,3,2,1,4,1,1,1,1,1,1,1,1,5,3,3,3,4,0,0,315.924,0,3,2,2,1,2,1,1,1,1,1,1,1,1,,,,,,2,2.826,2.826,294.786,1,,,,,,,,1,2,3,1,1,1,1,1,1,1,1,1,1,1,1,1,4,3,2,3,2,4,2,4,3,3,3,1,3,2,3,2,2,4,3,1,4,3,4,4,4,2,2,3,4,3,3,4,2,2,4,2,2,2,4,1
2016-05-31 11:11:44,2016-05-31 11:29:47,0,*******,79,1083,0,2016-06-01 14:15:39,R_2cwj2HNP4B1Hbzh,*******,*******,*******,*******,*******,*******,anonymous,EN,1,19,2,2,Chinese,1,4,5,1,6,3,4,5,6,4,2,4,4,4,4,4,1,1,1,1,1,1,1,1,4,3,3,3,3,93.724,93.724,348.58,1,2,4,4,3,3,4,2,1,2,2,2,1,2,,,,,,2,4.961,4.961,299.694,1,,,,,,,,1,2,3,2,1,2,1,1,2,2,1,1,1,3,4,2,3,3,2,4,2,4,3,2,4,3,4,4,2,3,3,,,,,,,,,,,,,,,,,,,,,,,,,2
2016-06-02 14:07:04,2016-06-02 14:23:24,0,*******,100,979,1,2016-06-02 14:23:25,R_voFCoEOGlQFYLK1,*******,*******,*******,*******,*******,*******,anonymous,EN,1,18,2,3,Australian,1,5,5,4,4,2,4,5,3,4,2,4,4,4,2,4,1,1,1,1,1,1,1,1,3,3,3,3,3,0,0,310.762,0,2,3,3,2,2,3,3,2,1,1,1,1,2,1,2.628,2.628,281.633,1,,,,,,,,,,,,,2,2,1,1,1,1,1,1,1,1,1,1,1,,,,,,,,,,,,,,,,,,,3,4,3,4,5,1,4,3,3,1,5,4,3,5,3,4,3,4,3,2,3,2,2,3,3
2016-06-02 14:07:22,2016-06-02 14:24:44,0,*******,100,1041,1,2016-06-02 14:25:54,R_2tDuQbw7A7f6UoC,*******,*******,*******,*******,*******,*******,anonymous,EN,1,18,2,1,South African,1,6,5,3,1,5,7,6,4,7,2,5,4,2,2,7,1,1,2,1,1,1,1,1,2,2,2,2,2,23.92,23.92,325.525,1,2,1,2,1,2,1,1,1,2,2,1,1,1,1,1.359,1.359,295.242,1,,,,,,,,,,,,,1,1,2,1,1,1,1,1,2,2,2,1,1,,,,,,,,,,,,,,,,,,,4,4,4,5,4,2,3,2,3,5,3,2,3,3,3,4,2,2,2,2,3,1,1,4,1
2016-06-02 14:07:02,2016-06-02 14:26:00,0,*******,100,1138,1,2016-06-02 14:26:02,R_1ITtx7AV2fPaSX4,*******,*******,*******,*******,*******,*******,anonymous,EN,1,18,1,5,Greek,1,5,5,3,2,3,5,6,6,6,2,4,5,3,2,5,1,1,1,1,1,1,1,1,3,3,3,3,3,0,0,335.311,0,4,4,4,4,4,4,4,3,2,3,3,2,2,,,,,,,,,,,3,2.766,10.871,285.019,2,Chasing Cars - Snow Patrol,,2,2,2,2,2,2,2,2,3,3,3,3,3,4,4,3,4,4,2,4,2,2,4,4,4,4,4,3,2,2,4,2,4,4,4,4,4,4,4,2,3,3,3,3,3,3,4,3,3,2,2,2,2,2,4,4
2016-06-02 14:12:11,2016-06-02 14:29:33,0,*******,100,1041,1,2016-06-02 14:29:34,R_2ZCZw9ep1OeoQH2,*******,*******,*******,*******,*******,*******,anonymous,EN,1,18,1,1,Australian,1,6,6,2,2,2,6,6,6,2,2,6,6,2,2,4,1,1,1,1,1,1,1,1,3,3,3,3,3,0,0,306.807,0,2,2,1,2,3,2,1,1,2,2,2,2,2,,,,,,2,3.365,156.322,283.64,10,,,,,,,,2,2,2,3,2,3,2,3,1,1,1,1,1,1,1,1,5,2,3,4,2,4,4,4,4,2,4,3,5,3,4,4,4,3,4,4,2,2,4,2,1,4,4,3,3,2,2,3,3,3,4,3,3,2,3,0
2016-06-02 14:13:29,2016-06-02 14:30:26,0,*******,100,1017,1,2016-06-02 14:30:28,R_20Mcd4SDgGcur11,*******,*******,*******,*******,*******,*******,anonymous,EN,1,39,2,5,Mediterranean/Caucasian,1,6,5,2,1,4,5,5,6,5,2,5,5,2,5,6,1,1,2,1,1,1,1,1,3,3,3,1,1,0,0,317.857,0,1,2,2,1,1,1,1,1,3,3,2,1,1,1,3.608,3.608,299.333,1,,,,,,,,,,,,,1,2,2,1,1,1,1,1,2,2,3,1,1,,,,,,,,,,,,,,,,,,,4,3,4,4,3,3,3,4,3,3,4,2,2,4,3,3,2,2,3,2,4,2,2,4,5
2016-06-02 14:10:04,2016-06-02 14:31:40,0,*******,100,1295,1,2016-06-02 14:31:41,R_BW03zEyuB9gC3dL,*******,*******,*******,*******,*******,*******,anonymous,EN,1,19,2,1,Australian,1,6,4,1,1,4,7,5,5,5,1,5,5,1,5,7,1,1,1,1,2,1,1,1,1,1,1,1,1,0,0,322.608,0,5,5,5,4,4,5,4,1,1,1,1,1,1,,,,,,,,,,,3,1.795,1.795,285.049,1,I'm not the only one- Sam Smith,Pictures of You- The Cure,4,4,5,3,4,4,4,1,1,1,1,1,1,1,5,4,5,2,5,5,1,5,3,5,2,4,5,1,5,5,2,4,4,4,4,4,2,4,4,2,1,4,4,2,4,2,3,3,4,4,2,4,2,3,3,1
2016-06-02 14:08:01,2016-06-02 14:32:18,0,*******,100,1456,1,2016-06-02 14:32:19,R_1HdFvaljOB8G3EA,*******,*******,*******,*******,*******,*******,anonymous,EN,1,21,1,1,Australian,1,6,5,3,7,2,5,5,5,5,2,4,4,3,2,4,2,1,1,1,2,2,1,1,1,1,1,1,1,0,0,331.442,0,2,2,2,1,1,1,1,1,1,1,1,1,1,,,,,,2,2.793,295.83,296.448,3,,,,,,,,3,1,2,1,2,1,1,1,1,1,1,1,1,1,1,1,5,1,2,2,1,1,1,3,2,1,1,1,5,2,4,2,2,2,3,3,3,3,4,3,2,2,2,3,3,3,3,2,3,3,2,4,3,3,3,0
2016-06-02 14:36:28,2016-06-02 14:57:21,0,*******,100,1252,1,2016-06-02 14:57:22,R_1eWworSpH4b6rZ7,*******,*******,*******,*******,*******,*******,anonymous,EN,1,21,2,2,Indian,1,6,5,2,2,3,6,5,4,5,2,6,3,4,3,4,3,3,2,3,2,2,2,3,3,4,3,2,3,113.741,113.741,322.838,1,3,5,4,2,2,2,3,2,2,3,2,2,2,1,2.417,333.534,334.105,3,,,,,,,,,,,,,2,3,3,2,2,2,3,2,2,3,3,3,2,,,,,,,,,,,,,,,,,,,4,5,4,5,4,2,4,4,2,3,4,3,3,3,4,3,2,3,3,3,4,4,3,4,2
2016-06-02 15:06:15,2016-06-02 15:23:48,0,*******,100,1053,1,2016-06-02 15:23:50,R_81ReChptDqtYU6d,*******,*******,*******,*******,*******,*******,anonymous,EN,1,18,2,5,Australian,1,6,7,2,1,2,6,6,6,4,1,6,3,1,3,5,2,1,1,1,2,1,1,1,4,4,3,3,3,0,0,323.535,0,3,3,3,1,2,1,2,1,1,1,1,1,1,,,,,,,,,,,3,8.736,8.736,285.021,1,Jellyfish - Ocean Alley,,1,1,1,1,1,1,1,1,2,1,1,2,1,4,4,3,2,4,2,3,2,2,3,2,2,5,3,1,2,2,3,2,4,4,4,4,2,4,4,2,2,4,3,2,2,4,4,2,4,4,2,4,4,4,4,5
2016-06-02 15:06:57,2016-06-02 15:23:57,0,*******,100,1019,1,2016-06-02 15:23:58,R_2wQQsT3tP0d7uen,*******,*******,*******,*******,*******,*******,anonymous,EN,1,18,1,1,Australian,1,6,6,2,2,3,6,5,5,6,2,5,5,2,1,5,1,1,2,2,2,1,2,1,4,3,4,4,4,0,0,310.233,0,2,2,2,1,2,1,2,1,4,3,3,3,3,1,2.821,306.417,307.029,3,,,,,,,,,,,,,1,2,2,2,1,1,2,1,4,3,4,3,3,,,,,,,,,,,,,,,,,,,2,2,2,4,2,4,2,2,4,4,2,2,3,2,4,4,2,4,2,3,3,2,2,3,0
2016-06-02 15:06:12,2016-06-02 15:25:31,0,*******,100,1159,1,2016-06-02 15:25:31,R_201jSIGoZ4A175H,*******,*******,*******,*******,*******,*******,anonymous,,1,20,1,1,Aus,1,6,6,2,2,2,5,5,6,6,2,6,6,3,5,6,1,2,2,1,2,1,1,1,3,3,3,3,3,0,0,306.695,0,2,3,3,3,3,3,2,2,2,2,2,1,1,,,,,,2,2.13,4.297,292.991,2,,,,,,,,2,2,2,2,2,1,2,1,2,2,2,1,2,4,4,2,4,4,2,4,2,2,3,4,4,4,4,2,2,2,3,4,4,4,4,3,4,4,4,4,3,3,3,2,2,5,4,2,4,4,2,4,4,4,2,0
2016-06-02 15:06:13,2016-06-02 15:26:19,0,*******,100,1206,1,2016-06-02 15:26:21,R_aawfCXXmyb5CGyJ,*******,*******,*******,*******,*******,*******,anonymous,EN,1,36,2,1,australian,1,6,6,2,1,3,6,6,5,5,2,5,5,2,3,5,1,1,1,1,1,1,1,1,3,3,3,3,3,0,0,308.9,0,1,2,1,1,1,1,1,1,2,3,3,2,2,,,,,,,,,,,3,71.032,71.032,285.022,1,Darkest Hour- Whitley,Rattle My Chain- The Basics,1,1,1,1,1,1,1,1,3,3,3,3,3,4,4,2,2,4,2,3,4,2,3,3,3,4,3,3,2,2,4,3,4,4,4,3,2,4,4,3,2,4,4,3,3,3,3,2,4,3,2,3,2,2,3,1
2016-06-02 15:06:50,2016-06-02 15:30:28,0,*******,100,1418,1,2016-06-02 15:30:29,R_3et9hJ7ozUf8hZ7,*******,*******,*******,*******,*******,*******,anonymous,EN,1,23,2,1,Norwegian,1,7,6,1,1,3,7,6,6,4,2,5,5,2,4,6,1,1,1,1,2,1,1,1,4,3,4,4,3,0,0,314.849,0,1,2,2,1,1,1,1,1,3,4,4,4,3,,,,,,2,6.9,9.2,301.694,2,,,,,,,,1,2,2,1,1,1,1,1,3,3,4,4,3,3,2,1,4,4,2,3,2,4,3,4,2,4,2,2,2,4,2,4,4,4,4,4,2,4,4,2,3,4,4,1,4,3,4,2,3,3,2,4,4,4,3,1
2016-06-03 10:06:31,2016-06-03 10:22:11,0,*******,100,939,1,2016-06-03 10:22:12,R_2yqnTNRfi1ez3EJ,*******,*******,*******,*******,*******,*******,anonymous,EN,1,18,2,1,"Australian ",1,7,4,1,1,1,7,6,6,7,2,6,7,1,4,6,2,1,1,1,1,1,1,1,4,3,3,3,3,0,0,321.127,0,5,5,4,2,2,4,2,2,1,1,1,1,1,1,2.986,298.662,299.178,2,,,,,,,,,,,,,1,1,1,1,4,1,1,1,1,1,1,1,1,,,,,,,,,,,,,,,,,,,4,4,4,5,3,2,4,4,2,1,4,4,1,4,5,5,2,5,5,1,4,4,4,2,1
2016-06-03 10:06:13,2016-06-03 10:22:45,0,*******,100,991,1,2016-06-03 10:22:46,R_2V8ce2qdIeNrsDa,*******,*******,*******,*******,*******,*******,anonymous,EN,1,19,2,1,Australian,1,6,6,3,2,2,6,5,5,5,2,5,5,4,4,4,2,1,1,1,2,2,1,1,3,3,2,2,3,0,0,344.706,0,4,4,4,4,4,4,4,3,2,2,2,2,2,,,,,,2,2.712,2.712,294.844,1,,,,,,,,2,2,2,2,2,2,2,2,2,2,2,2,2,2,2,2,4,3,3,3,3,3,3,4,3,4,3,4,3,3,2,4,4,4,4,4,2,5,4,4,2,4,4,4,4,4,4,2,4,3,2,4,4,3,4,1
2016-06-03 10:06:34,2016-06-03 10:23:45,0,*******,100,1030,1,2016-06-03 10:23:45,R_2Vx2fnREm1G1nBe,*******,*******,*******,*******,*******,*******,anonymous,EN,1,20,1,1,"Australian ",1,6,4,1,4,4,6,6,6,6,3,6,4,2,4,5,2,2,1,1,1,1,2,1,3,4,4,3,3,0,0,309.414,0,2,3,3,2,2,1,2,1,3,3,3,2,3,,,,,,,,,,,3,1.779,163.877,285.007,2,Lullaby - Cat Empire,,1,1,1,1,1,1,1,1,5,4,5,4,4,5,5,5,1,5,1,4,4,1,5,5,4,5,4,1,1,1,2,4,4,4,4,4,2,4,5,2,2,4,3,1,3,4,5,2,4,3,2,4,4,3,4,0
2016-06-03 11:08:17,2016-06-03 11:26:58,0,*******,100,1120,1,2016-06-03 11:26:59,R_sTFyHEo5wzLfGp3,*******,*******,*******,*******,*******,*******,anonymous,EN,1,18,2,1,Australian,1,4,4,3,2,5,5,5,5,5,4,4,4,4,2,5,2,1,3,3,3,1,2,2,2,1,1,1,1,19.253,33.189,332.029,2,3,3,3,3,3,2,4,2,1,1,1,1,1,,,,,,2,2.73,2.73,292.733,1,,,,,,,,2,2,3,2,2,2,2,2,1,1,1,1,1,4,2,2,3,4,2,2,2,2,2,2,2,4,3,2,4,2,4,4,5,4,5,5,2,5,4,2,1,4,5,3,4,3,2,2,3,4,4,2,2,2,4,1
2016-06-03 11:08:05,2016-06-03 11:31:47,0,*******,100,1422,1,2016-06-03 11:31:48,R_1hJRcuJ1pE5jUTO,*******,*******,*******,*******,*******,*******,anonymous,EN,1,22,2,2,china,1,7,6,1,6,5,5,6,6,2,2,4,5,3,2,2,4,3,3,3,2,2,2,2,4,4,4,2,2,0,0,305.139,0,4,4,4,4,4,4,4,4,2,2,2,2,2,,,,,,,,,,,3,25.338,35.738,284.999,3,Good boy-Bigbang,We like 2 party-Bigbang,1,1,1,1,1,1,1,1,4,4,4,4,4,4,4,4,2,4,3,4,4,3,2,4,3,4,4,4,4,4,2,4,4,4,2,4,2,2,4,4,3,3,3,3,3,4,4,2,4,4,2,4,4,4,4,2
2016-06-03 11:08:58,2016-06-03 11:32:17,0,*******,100,1399,1,2016-06-03 11:32:18,R_2TotMoYPhMNT92j,*******,*******,*******,*******,*******,*******,anonymous,EN,1,18,2,1,Australian,1,6,6,4,3,2,7,5,5,6,2,6,4,2,4,4,1,1,1,1,2,1,1,1,3,2,2,2,2,0,0,319.525,0,1,2,1,1,1,1,1,1,2,2,1,1,1,1,3.068,3.068,295.442,1,,,,,,,,,,,,,2,1,1,1,1,2,1,1,1,1,1,1,1,,,,,,,,,,,,,,,,,,,2,3,2,2,4,3,4,4,3,2,2,3,4,3,2,3,3,1,3,3,3,2,1,4,1
2016-06-03 11:23:44,2016-06-03 11:44:03,0,*******,100,1218,1,2016-06-03 11:44:04,R_1F56k5KkSYaL28m,*******,*******,*******,*******,*******,*******,anonymous,EN,1,23,1,2,South Korean,1,4,5,3,2,5,5,5,5,4,3,2,5,2,4,5,2,3,3,2,2,2,2,2,3,2,3,2,2,66.431,66.431,346.909,1,3,4,3,3,2,2,2,3,1,2,1,2,1,1,2.139,2.139,298.394,1,,,,,,,,,,,,,3,3,3,3,3,2,2,2,3,3,3,3,4,,,,,,,,,,,,,,,,,,,4,4,3,2,2,4,4,2,4,4,2,2,2,2,4,2,2,2,4,3,4,4,4,3,1
2016-06-02 14:06:51,2016-06-02 14:11:40,0,*******,30,288,0,2016-06-09 14:12:19,R_2b2Em7uVh1Fcatf,*******,*******,*******,*******,*******,*******,anonymous,EN,1,18,1,1,Australian,1,6,6,1,1,2,6,6,6,6,2,6,6,2,2,5,1,1,1,1,1,1,1,1,3,3,3,3,3,,,,,,,,,,,,,,,,,,,,,,,,,,,,,,,,,,,,,,,,,,,,,,,,,,,,,,,,,,,,,,,,,,,,,,,,,,,,,,,,,,,,,,,,,,0
2016-08-02 11:04:11,2016-08-02 11:05:01,0,*******,100,50,1,2016-08-02 11:05:01,R_3lEr1HIJnOg1t8x,*******,*******,*******,*******,*******,*******,anonymous,EN,2,,,,,,,,,,,,,,,,,,,,,,,,,,,,,,,,,,,,,,,,,,,,,,,,,,,,,,,,,,,,,,,,,,,,,,,,,,,,,,,,,,,,,,,,,,,,,,,,,,,,,,,,,,,,,,,,,,,,,,,,,,,
2016-08-02 11:04:54,2016-08-02 11:22:03,0,*******,100,1028,1,2016-08-02 11:22:04,R_1nUUn7OGYuAAw4F,*******,*******,*******,*******,*******,*******,anonymous,EN,1,19,1,2,Australian,1,5,5,2,4,1,5,5,4,5,1,3,5,5,4,5,1,1,2,1,1,1,1,1,3,4,3,3,4,209.61,209.61,316.162,1,1,2,2,1,1,2,1,1,2,1,2,1,1,1,4.461,150.591,283.779,5,,,,,,,,,,,,,2,2,2,1,1,2,1,1,2,3,2,2,2,,,,,,,,,,,,,,,,,,,5,4,4,4,4,1,4,4,1,1,5,5,3,1,3,4,1,4,4,1,4,3,3,3,1
2016-08-02 11:04:09,2016-08-02 11:22:13,0,*******,100,1083,1,2016-08-02 11:22:14,R_Z9SD9f7ZdaEjoat,*******,*******,*******,*******,*******,*******,anonymous,EN,1,25,2,1,Australian,1,6,6,3,1,4,6,6,6,7,1,6,5,3,1,4,1,2,2,1,1,1,1,1,2,2,3,3,2,0,0,315.801,0,2,3,3,1,1,1,1,1,1,1,1,1,1,1,2.685,2.685,301.939,1,,,,,,,,,,,,,1,1,2,1,1,1,1,1,1,1,1,1,1,,,,,,,,,,,,,,,,,,,2,3,2,5,4,2,4,4,2,2,3,3,2,2,3,3,2,3,3,2,3,3,2,3,1
2016-08-02 11:05:12,2016-08-02 11:22:45,0,*******,100,1052,1,2016-08-02 11:22:46,R_2P5LBYk0XeXrFjJ,*******,*******,*******,*******,*******,*******,anonymous,EN,1,19,2,1,Australian,1,5,4,2,1,3,6,7,5,5,1,3,5,1,4,5,1,1,1,1,1,1,1,1,3,4,4,2,3,0,0,308.542,0,4,5,4,1,2,4,4,1,3,2,2,1,2,,,,,,2,3.292,3.292,295.674,1,,,,,,,,2,2,2,1,1,3,1,1,2,2,2,1,1,4,4,1,4,4,1,3,1,4,2,2,3,4,2,4,3,3,2,4,4,4,4,3,3,2,4,2,2,4,1,1,1,4,5,2,4,4,2,5,5,4,2,1
2016-08-02 11:04:02,2016-08-02 11:23:23,0,*******,100,1160,1,2016-08-02 11:23:24,R_30iagHOeQfIJ0sQ,*******,*******,*******,*******,*******,*******,anonymous,EN,1,26,1,1,Australian,1,5,6,2,4,1,4,5,1,4,1,1,6,4,3,5,2,1,1,2,2,1,3,1,3,3,2,1,3,0,0,322.476,0,2,3,2,2,2,1,2,2,2,2,2,1,2,,,,,,,,,,,3,11.939,142.289,285.029,2,its a kind of magic-Queen,back in black-ACDC,1,1,1,2,1,1,2,1,3,4,3,3,4,4,4,4,1,4,1,2,4,1,3,2,4,5,3,4,2,1,2,4,4,5,4,4,2,4,5,1,2,4,4,2,2,4,3,2,4,4,2,4,3,4,4,0
2016-08-02 11:03:16,2016-08-02 11:23:29,0,*******,100,1213,1,2016-08-02 11:23:31,R_24isnmpuAuAVmnc,*******,*******,*******,*******,*******,*******,anonymous,EN,1,22,2,1,australian,1,6,4,2,2,5,4,6,5,4,2,4,4,3,2,4,2,1,1,2,2,1,1,1,3,2,2,2,1,0,0,321.572,0,3,4,3,2,2,2,2,1,2,1,2,1,1,,,,,,2,2.949,6.418,298.645,2,,,,,,,,1,1,2,1,1,1,1,1,2,1,1,1,1,4,3,2,3,5,2,2,4,2,4,4,4,4,4,3,3,2,3,3,2,4,2,2,4,3,4,4,3,2,2,2,2,3,4,2,3,3,2,4,4,4,2,1
2016-08-02 11:03:58,2016-08-02 11:25:13,0,*******,100,1275,1,2016-08-02 11:25:15,R_27DaU5uyTjpf7kx,*******,*******,*******,*******,*******,*******,anonymous,EN,1,21,1,2,Australian,1,4,5,2,1,2,4,4,4,2,1,4,5,3,1,4,2,1,1,1,1,1,1,1,2,2,3,2,3,0,0,314.587,0,2,3,2,1,1,1,2,1,2,3,2,2,2,,,,,,2,3.492,4.636,289.897,2,,,,,,,,2,2,2,1,2,1,1,1,2,2,2,1,1,1,1,1,4,3,3,3,1,1,4,4,4,3,1,2,5,1,4,3,5,4,5,5,1,5,5,2,2,3,4,3,4,3,3,1,5,3,2,5,3,2,5,1
2016-08-02 11:04:09,2016-08-02 11:26:58,0,*******,100,1368,1,2016-08-02 11:27:00,R_yW2sUgYrEUnulsR,*******,*******,*******,*******,*******,*******,anonymous,EN,1,19,2,1,USA,1,5,6,3,2,3,5,5,5,5,3,5,5,4,5,5,2,2,2,1,1,1,1,1,2,2,2,2,2,0,0,311.316,0,3,4,3,2,3,2,2,1,2,1,1,1,1,,,,,,,,,,,3,23.165,23.165,285.023,1,Fast Car - Tracy Chapman,Fred Astaire - San Cisco,2,2,1,1,1,1,1,1,2,2,2,2,2,4,4,4,2,4,2,3,5,2,4,3,4,4,5,3,2,2,3,5,4,4,4,4,2,4,4,2,2,4,3,2,4,3,3,2,3,4,3,3,4,4,3,1
2016-08-02 11:04:14,2016-08-02 11:28:04,0,*******,100,1430,1,2016-08-02 11:28:06,R_1nTmv4wx1DJV1Y9,*******,*******,*******,*******,*******,*******,anonymous,EN,1,20,2,2,Malaysian,1,5,4,1,4,3,6,5,7,5,1,4,7,2,7,7,2,2,2,1,1,1,1,1,2,2,2,2,1,0,0,328.053,0,4,4,4,1,2,,1,1,1,1,1,1,1,,,,,,,,,,,3,2.692,2.692,285.021,1,2am - Anna Nalick,Chasing Cars - Snow patrol,2,2,2,2,1,1,1,1,1,1,1,1,1,4,5,5,4,5,1,5,5,1,5,4,5,5,5,5,2,1,5,3,3,3,4,2,3,3,3,3,1,1,3,3,4,4,4,2,4,4,1,3,3,3,4,2
2016-08-05 10:07:08,2016-08-05 10:07:22,0,*******,100,14,1,2016-08-05 10:07:22,R_3D7KUESTvloi8fX,*******,*******,*******,*******,*******,*******,anonymous,EN,2,,,,,,,,,,,,,,,,,,,,,,,,,,,,,,,,,,,,,,,,,,,,,,,,,,,,,,,,,,,,,,,,,,,,,,,,,,,,,,,,,,,,,,,,,,,,,,,,,,,,,,,,,,,,,,,,,,,,,,,,,,,
2016-08-05 10:06:14,2016-08-05 10:22:00,0,*******,100,945,1,2016-08-05 10:22:01,R_1f2GmFHrWn18Mf1,*******,*******,*******,*******,*******,*******,anonymous,EN,1,19,2,2,Bruneian,1,5,4,2,2,4,4,4,4,4,3,4,4,4,3,3,1,1,2,2,2,1,2,2,2,2,2,1,1,0,0,334.468,0,4,4,3,2,2,2,2,2,1,1,1,1,2,,,,,,2,3.33,7.859,290.766,2,,,,,,,,2,1,2,2,1,1,2,2,1,1,1,2,1,2,3,2,4,3,3,3,2,3,4,4,4,3,4,3,4,3,4,4,3,3,4,4,2,4,4,2,2,3,4,2,2,3,3,2,4,3,2,3,4,4,3,2
2016-08-05 10:06:11,2016-08-05 10:24:41,0,*******,100,1110,1,2016-08-05 10:24:42,R_24I5LAy2yuV0prS,*******,*******,*******,*******,*******,*******,anonymous,EN,1,19,2,1,Australian,1,5,6,2,1,4,5,6,5,5,1,4,5,2,1,4,3,1,1,2,2,1,1,1,2,2,1,1,1,16.775,16.775,378.096,1,4,5,4,1,1,1,1,1,1,1,1,1,1,1,3.426,6.211,296.747,2,,,,,,,,,,,,,1,1,1,1,1,1,1,1,1,1,1,1,1,,,,,,,,,,,,,,,,,,,4,4,4,4,4,2,4,4,2,2,4,4,3,4,3,4,3,3,3,2,4,2,2,3,1
2016-08-05 10:08:29,2016-08-05 10:25:14,0,*******,100,1005,1,2016-08-05 10:25:15,R_3sigyxC6JSfAZy5,*******,*******,*******,*******,*******,*******,anonymous,EN,1,19,2,1,Australian,1,5,5,3,4,3,5,4,5,4,2,4,5,6,3,6,1,1,2,1,1,2,1,1,2,2,1,1,1,0,0,311.365,0,2,3,2,1,1,2,1,1,1,1,1,1,1,,,,,,2,3.001,40.163,293.09,3,,,,,,,,1,1,2,1,1,1,1,1,1,1,1,1,1,3,2,2,4,4,2,3,2,2,3,2,4,4,3,2,4,2,4,4,4,4,4,5,1,4,4,1,1,4,4,2,1,4,4,2,5,4,1,4,5,4,2,1
2016-08-05 10:07:46,2016-08-05 10:25:28,0,*******,100,1061,1,2016-08-05 10:25:28,R_2Qoh16mCsbScq3K,*******,*******,*******,*******,*******,*******,anonymous,EN,1,21,2,2,Singaporean,1,5,6,3,2,5,7,4,5,3,2,6,4,3,2,7,1,1,2,1,1,1,1,1,3,3,3,2,1,0,0,314.461,0,3,3,2,1,1,1,2,1,1,2,1,1,1,,,,,,,,,,,3,1.651,1.651,285.004,1,No Promises-Shayne Ward,,2,2,3,1,1,1,1,1,1,1,1,1,1,2,4,5,4,3,3,4,2,4,4,3,3,4,2,4,3,2,4,2,4,3,5,3,3,4,4,4,4,3,1,5,5,1,4,5,3,1,4,5,2,3,4,2
2016-08-05 10:06:43,2016-08-05 10:26:19,0,*******,100,1175,1,2016-08-05 10:26:19,R_2TuXRVver7KELAC,*******,*******,*******,*******,*******,*******,anonymous,EN,1,18,1,1,Australian,1,6,6,3,2,3,5,5,5,6,2,5,4,4,4,5,2,1,1,1,2,2,1,2,2,2,3,2,3,25.583,25.583,322.232,1,2,3,2,2,2,2,1,2,1,1,2,2,1,,,,,,,,,,,3,78.357,83.045,285.025,2,Run - Leona Lewis,,2,3,2,1,1,1,1,2,2,1,1,1,2,3,4,4,4,5,3,4,2,4,4,4,3,5,4,2,3,2,3,4,4,4,5,4,2,3,4,2,2,3,3,1,4,4,4,2,4,3,2,4,2,4,3,0
2016-08-05 10:06:01,2016-08-05 10:27:36,0,*******,100,1294,1,2016-08-05 10:27:37,R_28Tmgak2xE9TUTP,*******,*******,*******,*******,*******,*******,anonymous,EN,1,20,2,2,Singaporean,1,4,4,3,3,2,5,5,5,5,3,4,4,4,2,4,2,2,2,2,2,2,2,2,2,2,1,1,1,26.683,26.683,322.966,1,3,3,2,2,2,2,2,2,2,2,2,2,1,1,1.095,1.095,302.517,1,,,,,,,,,,,,,2,2,2,2,2,2,2,2,2,1,1,1,1,,,,,,,,,,,,,,,,,,,4,4,4,4,4,2,4,4,2,2,4,4,4,4,3,3,3,4,3,2,3,3,2,3,2
2016-08-05 10:14:08,2016-08-05 10:33:09,0,*******,100,1140,1,2016-08-05 10:33:10,R_3hiKyrW6LwMdmSA,*******,*******,*******,*******,*******,*******,anonymous,EN,1,18,2,1,Australian,1,6,5,1,1,1,7,5,6,6,2,5,7,2,6,7,2,2,3,1,2,3,1,1,2,3,1,2,1,213.689,213.689,325.958,1,2,1,2,1,1,2,2,1,2,2,1,1,1,,,,,,,,,,,3,2.028,22.921,284.11,3,Great Are You Lord - Casting Crowns,Live You're Loved - Hawk Nelson,1,1,2,1,1,2,1,1,3,2,2,1,1,4,4,4,3,4,3,3,2,3,4,3,4,3,2,4,2,2,4,4,4,3,2,4,2,3,5,1,2,4,3,2,3,2,2,3,4,2,4,3,5,3,5,1
2016-08-05 11:05:33,2016-08-05 11:07:37,0,*******,100,124,1,2016-08-05 11:07:38,R_1dtrhzKMO1YgK2s,*******,*******,*******,*******,*******,*******,anonymous,EN,2,,,,,,,,,,,,,,,,,,,,,,,,,,,,,,,,,,,,,,,,,,,,,,,,,,,,,,,,,,,,,,,,,,,,,,,,,,,,,,,,,,,,,,,,,,,,,,,,,,,,,,,,,,,,,,,,,,,,,,,,,,,
2016-08-05 11:04:47,2016-08-05 11:22:39,0,*******,100,1071,1,2016-08-05 11:22:40,R_2Xjmdrxse2fH7Oq,*******,*******,*******,*******,*******,*******,anonymous,EN,1,21,1,2,New Zealand,1,7,7,1,1,1,6,6,6,7,2,4,6,3,4,7,3,2,1,2,1,1,2,1,4,4,3,3,3,0,0,317.907,0,2,3,2,1,1,1,2,1,3,2,3,2,2,1,2.082,232.884,282.659,4,,,,,,,,,,,,,1,1,1,1,1,1,1,1,1,1,1,1,1,,,,,,,,,,,,,,,,,,,4,5,4,4,4,2,4,4,4,2,4,3,2,4,4,4,2,4,5,2,4,2,4,2,1
2016-08-05 11:06:08,2016-08-05 11:25:15,0,*******,100,1147,1,2016-08-05 11:25:17,R_2qCRiQCR3LAj7wB,*******,*******,*******,*******,*******,*******,anonymous,EN,1,18,2,1,Australian,1,6,5,3,2,3,5,6,5,5,3,4,4,3,4,4,1,1,1,1,1,1,1,1,2,2,2,2,2,0,0,327.973,0,2,3,3,2,2,2,3,2,1,1,1,1,1,,,,,,,,,,,3,2.004,2.004,285.018,1,Where You're At - Allen Stone,,2,3,3,2,2,2,2,1,2,1,1,1,1,3,4,4,3,4,2,5,4,3,3,4,4,4,4,2,2,2,4,4,5,5,4,4,2,4,4,2,1,3,5,3,4,2,4,3,2,3,3,4,2,2,5,1
2016-08-05 11:05:23,2016-08-05 11:28:52,0,*******,100,1408,1,2016-08-05 11:28:53,R_22n4hWif5LbQ3QX,*******,*******,*******,*******,*******,*******,anonymous,EN,1,26,1,2,South Korean,1,6,6,2,3,2,2,6,6,5,1,2,6,2,4,5,2,2,2,1,2,1,1,1,3,3,3,3,1,0,0,343.824,0,2,2,2,1,1,1,1,1,2,2,1,1,1,1,2.219,2.219,301.037,1,,,,,,,,,,,,,1,1,1,1,1,1,1,1,2,1,1,1,1,,,,,,,,,,,,,,,,,,,2,2,4,2,2,4,4,4,3,2,2,3,1,1,5,5,1,5,5,1,5,5,5,1,1
2016-08-05 11:07:50,2016-08-05 11:29:00,0,*******,100,1269,1,2016-08-05 11:29:00,R_1mvZFhtS2TEtSpk,*******,*******,*******,*******,*******,*******,anonymous,EN,1,26,2,1,Australian,1,7,4,2,3,5,6,4,4,4,4,3,4,2,4,5,2,1,1,1,1,1,1,1,2,2,2,1,1,0,0,313.426,0,3,3,2,1,2,3,2,1,1,1,1,1,1,,,,,,2,2.77,2.77,294.75,1,,,,,,,,3,2,1,1,1,2,1,2,2,2,2,1,1,3,2,2,3,4,4,4,2,4,2,4,3,4,3,1,2,2,3,3,4,4,4,4,2,4,4,2,2,4,2,2,2,4,4,2,4,5,2,4,4,4,3,1
2016-08-05 11:05:05,2016-08-05 11:29:51,0,*******,100,1486,1,2016-08-05 11:29:52,R_3QDeXuX4cnCHckI,*******,*******,*******,*******,*******,*******,anonymous,EN,1,18,2,2,thai,1,6,5,4,5,5,6,6,5,5,4,2,4,3,3,3,1,1,2,1,1,1,1,1,2,2,2,2,2,0,0,321.361,0,3,3,2,2,3,2,4,1,1,1,1,1,1,,,,,,2,1.77,1.77,292.309,1,,,,,,,,1,2,2,1,2,1,1,1,1,1,1,1,1,2,2,2,4,3,3,3,2,4,3,3,4,1,4,4,4,4,4,4,4,5,5,4,2,4,5,2,2,4,4,4,4,3,2,2,4,4,2,3,2,2,4,2
2016-08-05 11:06:13,2016-08-05 11:30:38,0,*******,100,1464,1,2016-08-05 11:30:40,R_31z0KyLsxhMzHsh,*******,*******,*******,*******,*******,*******,anonymous,EN,1,25,2,1,"Australia ",1,4,5,1,3,4,6,4,5,4,3,5,4,4,5,7,2,1,1,1,2,1,1,1,3,3,2,2,1,0,0,320.385,0,5,5,1,1,1,2,1,1,2,3,3,2,1,,,,,,2,3.573,3.573,294.869,1,,,,,,,,2,2,1,1,1,1,1,1,2,2,2,1,1,2,4,2,3,4,4,4,2,4,2,4,3,4,2,2,2,2,2,4,3,5,5,4,4,3,4,2,2,4,3,2,4,4,4,2,4,4,2,3,4,4,2,1
2016-08-05 10:07:20,2016-08-05 10:10:09,0,*******,30,168,0,2016-08-12 10:10:21,R_1q3A3NoNAsED2bf,*******,*******,*******,*******,*******,*******,anonymous,EN,1,18,2,1,Australian,1,6,6,1,1,1,7,6,5,6,1,5,7,2,5,7,3,1,3,1,2,3,3,1,2,2,3,1,3,,,,,,,,,,,,,,,,,,,,,,,,,,,,,,,,,,,,,,,,,,,,,,,,,,,,,,,,,,,,,,,,,,,,,,,,,,,,,,,,,,,,,,,,,,1
2016-08-06 14:03:35,2016-08-06 14:05:27,0,*******,30,112,0,2016-08-13 14:06:15,R_3F3aCRSMUl8AoS7,*******,*******,*******,*******,*******,*******,anonymous,EN,1,34,2,1,,2,4,3,4,4,3,4,3,3,3,2,2,2,3,5,3,3,3,5,3,3,3,3,2,3,4,3,3,3,,,,,,,,,,,,,,,,,,,,,,,,,,,,,,,,,,,,,,,,,,,,,,,,,,,,,,,,,,,,,,,,,,,,,,,,,,,,,,,,,,,,,,,,,,2
2016-08-15 16:52:47,2016-08-15 17:14:03,0,*******,100,1275,1,2016-08-15 17:14:04,R_RetdsVoi3q2DSRX,*******,*******,*******,*******,*******,*******,anonymous,EN,1,22,2,5,Australian,2,5,6,1,4,7,6,6,6,4,1,5,6,2,4,7,1,2,1,1,1,1,1,1,4,4,5,4,3,0,0,306.07,0,4,5,3,2,2,2,1,1,2,2,2,2,1,1,3.492,3.492,416.705,1,,,,,,,,,,,,,1,1,1,1,1,1,1,1,1,1,1,1,1,,,,,,,,,,,,,,,,,,,3,4,4,4,2,2,2,4,4,2,3,3,4,2,4,5,2,5,5,2,5,4,4,2,6
2016-08-15 17:31:25,2016-08-15 17:56:35,0,*******,100,1510,1,2016-08-15 17:56:37,R_2AGxLUvMsq3hSJJ,*******,*******,*******,*******,*******,*******,anonymous,EN,1,32,2,1,Swiss,2,4,4,2,3,3,5,4,4,4,3,3,4,5,2,2,2,2,2,1,1,1,1,1,3,3,3,3,2,0,0,317.244,0,2,3,4,1,1,1,1,2,3,2,3,2,1,,,,,,,,,,,3,1.723,1.723,285.035,1,Free Fallin' - John Mayer,,2,2,2,1,1,1,2,1,3,2,3,2,2,4,3,2,3,3,2,3,2,1,3,3,4,4,4,4,3,2,2,3,3,3,4,3,3,4,3,2,3,2,3,3,3,3,3,3,3,2,3,3,2,2,4,2
2016-08-15 19:17:08,2016-08-15 19:38:06,0,*******,100,1257,1,2016-08-15 19:38:08,R_2QrlmVUc8kcgzme,*******,*******,*******,*******,*******,*******,anonymous,EN,1,20,2,1,Australian,2,5,6,3,2,2,6,7,6,6,2,6,7,3,4,5,2,1,1,2,2,2,1,1,3,2,2,4,3,0,0,426.714,0,2,2,2,2,2,1,2,2,3,2,2,2,2,,,,,,,,,,,3,1.142,246.345,283,3,Holocene - Bon Iver,,1,2,1,1,1,1,1,2,2,2,2,2,2,4,5,5,3,4,2,4,4,2,4,4,4,5,4,4,2,2,2,4,4,4,4,4,2,4,5,2,4,4,4,1,1,5,5,1,5,5,1,5,5,5,1,2
2016-08-15 19:34:38,2016-08-15 19:54:18,0,*******,100,1180,1,2016-08-15 19:54:19,R_2scYwRmL64BtakW,*******,*******,*******,*******,*******,*******,anonymous,EN,1,18,1,1,Australian,2,6,4,2,3,4,5,5,6,7,3,6,5,3,2,5,3,3,3,3,2,2,3,3,2,3,2,3,3,0,0,457.767,0,3,3,3,3,3,3,3,3,1,2,2,2,2,1,1.877,196.718,282.056,3,,,,,,,,,,,,,3,3,3,3,,2,3,3,2,1,3,3,3,,,,,,,,,,,,,,,,,,,5,5,5,5,5,2,5,5,2,2,5,5,2,5,3,5,2,5,2,3,5,2,3,3,1
2016-08-15 19:32:40,2016-08-15 19:58:54,0,*******,100,1573,1,2016-08-15 19:58:54,R_3PNUPl4VVDR3XUX,*******,*******,*******,*******,*******,*******,anonymous,EN,1,40,2,1,Australian,2,7,6,2,1,2,7,7,6,4,1,4,5,3,2,4,1,1,1,1,1,1,1,1,3,3,2,3,1,0,0,656.796,0,1,1,1,1,1,1,1,1,1,1,1,1,1,,,,,,2,1.547,1.547,308.092,1,,,,,,,,1,1,1,1,1,1,1,1,1,2,2,2,1,3,3,2,2,4,2,2,2,1,2,2,4,5,3,2,2,2,2,2,3,3,4,3,2,3,4,3,3,3,2,3,5,1,2,4,2,1,4,3,1,1,4,2
2016-08-15 19:45:28,2016-08-15 20:03:58,0,*******,100,1109,1,2016-08-15 20:03:58,R_3dM2OjMcGpxykVw,*******,*******,*******,*******,*******,*******,anonymous,EN,1,19,2,2,Australian,2,3,4,4,5,2,5,4,4,3,2,4,4,4,1,4,1,1,1,2,2,1,1,2,1,1,1,1,1,0,0,317.67,0,1,3,3,1,1,1,1,1,1,1,1,1,1,,,,,,,,,,,3,1.933,3.113,285.06,2,"Lean On (cover) - Christina Grimmie ",Counting stars (cover) - Christina Grimmie,1,2,2,1,1,1,1,1,1,1,1,1,1,3,4,4,2,2,2,2,2,4,1,1,2,5,2,1,3,2,3,3,5,4,4,4,2,4,4,2,1,4,3,3,4,2,2,3,2,2,3,3,2,2,3,3
2016-08-15 19:47:12,2016-08-15 20:10:58,0,*******,100,1426,1,2016-08-15 20:10:59,R_2ZTuR0ojKEVNKdj,*******,*******,*******,*******,*******,*******,anonymous,EN,1,21,2,5,Japanese-Australian,2,5,5,2,2,3,5,4,4,5,2,5,4,3,4,5,2,1,2,1,3,1,2,1,2,3,3,2,1,0,0,312.723,0,4,5,5,5,4,4,4,3,1,1,1,1,1,1,1.519,1.519,319.737,1,,,,,,,,,,,,,2,2,2,1,2,2,2,1,1,1,1,1,1,,,,,,,,,,,,,,,,,,,4,5,5,5,5,2,5,5,4,2,4,5,2,3,3,2,2,2,3,3,2,4,4,3,6
2016-08-15 19:53:24,2016-08-15 20:13:57,0,*******,100,1232,1,2016-08-15 20:13:58,R_BxIg1kp06UwQvAZ,*******,*******,*******,*******,*******,*******,anonymous,EN,1,21,2,1,"Australian ",2,6,6,2,4,5,7,4,4,2,1,6,5,3,4,6,5,3,4,3,5,2,5,4,1,1,3,1,1,0,0,317.881,0,5,5,4,5,3,3,4,4,1,1,1,1,1,,,,,,"2 ",268.521,296.152,297.72,3,,,,,,,,5,3,3,3,4,3,4,3,1,1,1,1,1,4,1,1,4,3,3,4,2,4,3,4,3,1,5,4,4,4,2,5,5,5,5,5,1,5,5,1,1,5,5,2,3,3,3,2,2,4,2,3,5,5,3,2
2016-08-15 20:33:43,2016-08-15 20:58:17,0,*******,100,1473,1,2016-08-15 20:58:17,R_2zRNYswyDzab4xh,*******,*******,*******,*******,*******,*******,anonymous,EN,1,22,1,5,Ecuadorian,2,5,6,2,5,1,6,7,7,7,1,7,7,1,4,5,2,2,2,4,3,1,2,1,2,2,2,1,2,0,0,341.205,0,3,2,2,1,1,1,1,1,2,1,1,1,1,1,0,0,301.005,0,,,,,,,,,,,,,1,1,1,1,1,1,1,1,1,1,1,1,1,,,,,,,,,,,,,,,,,,,2,4,2,4,3,3,4,4,4,2,2,2,1,2,5,5,1,4,4,2,4,3,4,2,5
2016-08-15 20:41:40,2016-08-15 20:58:58,0,*******,100,1038,1,2016-08-15 20:58:59,R_1cYOFlYSNSeSMno,*******,*******,*******,*******,*******,*******,anonymous,EN,1,19,2,2,Australian,2,5,6,4,3,3,7,4,5,6,3,5,3,4,2,6,1,1,1,1,2,1,1,1,2,1,2,2,1,11.706,25.368,312.143,2,3,3,2,2,1,1,2,1,1,1,1,1,1,,,,,,,,,,,3,1.294,284.714,285.004,13,Butterfly - Jason Mraz,Kimi no Shiranai Monogatari (Piano ver.) - Supercell,1,1,1,1,1,1,1,1,5,4,5,5,3,5,5,4,2,5,1,4,5,1,3,4,3,5,4,4,1,1,3,4,4,4,4,4,2,4,4,2,2,5,3,2,4,3,4,2,3,2,3,3,2,4,3,3
2016-08-15 20:41:04,2016-08-15 21:00:51,0,*******,100,1187,1,2016-08-15 21:00:53,R_rrqtXcyZDwDeGqt,*******,*******,*******,*******,*******,*******,anonymous,EN,1,21,1,1,Australian,2,6,5,2,2,4,5,5,4,2,1,4,5,3,4,5,1,1,2,1,1,1,1,2,3,1,2,2,1,6.542,6.542,331.158,1,2,3,2,2,1,2,3,2,1,1,1,1,1,1,3.171,21.504,315.206,7,,,,,,,,,,,,,2,2,1,1,2,1,1,1,2,2,1,1,2,,,,,,,,,,,,,,,,,,,4,4,4,5,4,4,4,2,2,2,4,4,1,2,4,4,2,2,4,2,4,4,4,3,1
2016-08-15 20:10:07,2016-08-15 21:03:50,0,*******,100,3222,1,2016-08-15 21:03:51,R_BQAWhQnhNHKI3qp,*******,*******,*******,*******,*******,*******,anonymous,EN,1,23,2,5,"Australian ",2,7,6,2,4,4,6,6,6,5,2,2,6,4,2,4,3,3,3,3,3,3,3,3,1,1,1,1,1,0,0,319.829,0,4,4,4,3,3,3,3,3,1,1,1,1,1,,,,,,,,,,,3,1.445,180.779,285.031,2,Find me - Hyosung,I am the best - 2ne1,3,3,3,3,3,3,3,3,1,1,1,1,1,4,4,4,3,4,3,3,3,3,3,3,4,4,4,4,3,2,3,5,5,5,5,5,1,5,5,1,1,5,5,2,2,2,2,3,1,2,3,4,3,3,4,6
2016-08-15 21:26:42,2016-08-15 21:49:29,0,*******,100,1366,1,2016-08-15 21:49:30,R_SPr4y4070uj4pBD,*******,*******,*******,*******,*******,*******,anonymous,EN,1,18,2,1,Australian,2,7,5,2,2,2,5,6,5,5,2,5,7,2,4,5,1,2,1,2,1,1,1,1,3,3,3,3,1,0,0,314.358,0,4,5,2,1,2,3,1,2,1,2,2,2,1,,,,,,2,6.427,8.095,474.857,2,,,,,,,,1,2,1,1,1,1,2,1,1,1,1,1,1,4,3,3,2,5,4,4,2,4,5,5,5,5,5,2,2,3,2,5,5,5,5,5,2,4,4,2,2,4,4,2,2,4,4,2,4,4,2,4,4,4,4,2
2016-08-15 21:35:59,2016-08-15 21:51:34,0,*******,100,934,1,2016-08-15 21:51:34,R_3PXqliL2wIp9kVH,*******,*******,*******,*******,*******,*******,anonymous,EN,1,21,2,1,Australian,2,7,6,1,1,4,5,5,5,5,2,4,5,2,5,6,1,1,1,1,1,1,1,1,3,3,3,3,3,0,0,309.883,0,3,4,2,2,2,1,2,1,2,2,2,1,2,,,,,,,,,,,3,2.058,83.709,283.326,2,Stay Up Late - Talking Heads,Crocodiles - Echo and The Bunnymen,1,1,1,1,1,1,1,1,4,3,4,4,4,5,5,4,2,4,2,3,4,2,4,3,4,5,2,4,1,2,3,1,2,4,4,4,3,3,3,2,3,3,2,1,2,4,5,2,5,4,2,4,5,4,1,2
2016-08-15 21:47:42,2016-08-15 22:04:04,0,*******,100,982,1,2016-08-15 22:04:04,R_2tgpLS7P2dLfmmh,*******,*******,*******,*******,*******,*******,anonymous,EN,1,24,2,5,American,2,4,5,3,2,2,5,5,4,4,3,4,4,3,3,4,1,1,1,1,2,1,1,1,2,3,2,2,3,0,0,311.441,0,1,2,1,1,2,1,1,1,2,2,2,1,2,1,2.298,2.298,299.583,1,,,,,,,,,,,,,1,1,1,1,1,1,1,1,2,2,2,2,2,,,,,,,,,,,,,,,,,,,2,2,2,4,2,4,4,4,4,4,2,2,4,4,2,2,3,4,2,3,3,3,2,4,6
2016-08-15 21:53:40,2016-08-15 22:12:33,0,*******,100,1132,1,2016-08-15 22:12:34,R_3pfNwJKdJaqURO3,*******,*******,*******,*******,*******,*******,anonymous,EN,1,24,2,1,Australian,2,7,5,2,1,1,6,6,6,6,1,6,6,1,4,5,1,1,1,1,1,1,1,1,3,3,3,3,3,231.624,271.624,314.416,9,3,3,3,2,2,2,3,2,2,2,2,2,2,,,,,,2,2.275,4.243,282.135,2,,,,,,,,1,1,1,1,1,1,1,1,2,2,2,2,2,4,5,1,4,5,1,5,5,1,5,3,4,5,1,2,4,1,3,1,4,4,4,4,1,4,5,4,3,4,1,1,2,5,5,1,5,3,1,5,5,5,1,2
2016-08-15 22:00:45,2016-08-15 22:21:13,0,*******,100,1227,1,2016-08-15 22:21:14,R_e2uMle2f0wT2QDL,*******,*******,*******,*******,*******,*******,anonymous,EN,1,23,2,1,Australian,2,6,6,2,1,2,5,5,6,6,1,5,5,1,5,5,1,1,1,1,1,1,1,1,4,3,3,4,4,0,0,307.835,0,3,4,2,2,1,1,2,1,2,1,1,1,1,,,,,,2,5.267,5.267,305.863,1,,,,,,,,3,4,2,2,1,2,1,1,1,1,1,1,1,2,1,1,5,4,4,4,1,4,3,4,3,4,4,2,2,4,3,3,4,4,4,4,1,4,4,2,3,4,3,3,3,3,4,2,4,3,2,4,3,3,3,2
2016-08-15 23:09:30,2016-08-15 23:32:52,0,*******,100,1401,1,2016-08-15 23:32:53,R_1ey23Ttzw2J7EfF,*******,*******,*******,*******,*******,*******,anonymous,EN,1,23,1,1,Australian,2,5,5,2,4,1,4,5,4,5,2,5,5,3,3,6,2,1,1,2,2,1,2,2,4,3,1,1,1,0,0,314.53,0,2,1,1,2,2,1,2,1,2,1,1,1,1,1,1.48,1.48,306.188,1,,,,,,,,,,,,,2,1,1,2,1,1,1,2,1,1,1,1,1,,,,,,,,,,,,,,,,,,,4,4,4,4,4,2,4,4,2,4,4,4,2,2,4,4,2,4,3,2,4,3,4,2,1
2016-08-15 23:21:12,2016-08-15 23:37:10,0,*******,100,957,1,2016-08-15 23:37:11,R_234gmgPVFCJKiem,*******,*******,*******,*******,*******,*******,anonymous,EN,1,22,1,1,Australian,2,5,5,1,2,3,7,6,5,4,4,2,6,3,4,5,1,1,1,3,1,1,1,2,2,1,3,1,1,0,0,306.647,0,2,2,1,1,1,1,1,1,1,1,1,1,1,1,2.123,250.211,284.994,2,,,,,,,,,,,,,1,1,1,1,1,1,1,1,1,1,1,1,1,,,,,,,,,,,,,,,,,,,3,5,5,5,5,1,5,5,1,1,5,5,1,4,2,3,2,3,3,2,3,2,3,4,1
2016-08-15 23:21:22,2016-08-15 23:40:36,0,*******,100,1154,1,2016-08-15 23:40:37,R_A0s212hsBnPyrL3,*******,*******,*******,*******,*******,*******,anonymous,EN,1,17,2,1,Australian,2,5,6,3,2,4,6,6,5,4,1,4,5,3,4,4,3,3,2,1,2,2,1,1,2,1,1,2,2,0,0,314.225,0,2,4,4,2,3,2,1,1,2,2,1,1,1,,,,,,,,,,,3,1.863,346.877,357.546,3,Alibi - Banks,Hoops - The Rubens,2,2,2,1,1,1,1,1,2,2,1,1,1,4,4,3,3,3,1,4,4,1,4,3,4,4,4,4,3,1,4,4,5,4,5,5,1,5,5,1,1,5,5,1,3,3,4,1,4,3,2,4,3,4,2,2
2016-08-15 23:37:54,2016-08-16 00:04:18,0,*******,100,1584,1,2016-08-16 00:04:19,R_SDbPgnspNu353y1,*******,*******,*******,*******,*******,*******,anonymous,EN,1,20,2,1,Australian,2,5,5,2,1,4,6,6,6,5,2,4,5,3,4,6,1,1,1,1,1,1,1,1,2,2,2,2,2,0,0,310.021,0,4,4,4,3,3,5,3,2,2,2,1,1,2,,,,,,,,,,,3,1.138,1.138,285.18,1,Daydreaming- Radiohead,Decks Dark- Radiohead,3,3,4,1,2,2,1,1,1,1,1,1,1,4,4,3,4,4,3,3,2,2,2,4,4,4,4,4,4,2,2,4,4,4,4,4,2,4,4,4,1,4,3,1,1,5,5,1,5,5,1,5,5,5,1,2
2016-08-16 00:33:09,2016-08-16 00:54:27,0,*******,100,1278,1,2016-08-16 00:54:28,R_R51l4rrFiSCR94Z,*******,*******,*******,*******,*******,*******,anonymous,EN,1,43,2,1,Australian,2,4,4,3,2,6,4,4,4,4,1,2,5,4,4,4,2,2,2,1,1,1,1,1,3,2,1,2,2,0,0,315.854,0,3,4,3,1,1,1,1,1,1,1,1,1,1,1,2.208,2.208,288.447,1,,,,,,,,,,,,,1,1,1,1,1,1,1,1,1,1,1,1,1,,,,,,,,,,,,,,,,,,,3,4,4,2,3,3,4,4,4,4,3,4,3,3,3,3,2,3,3,3,4,3,2,4,2
2016-08-16 04:24:53,2016-08-16 04:58:43,0,*******,100,2030,1,2016-08-16 04:58:44,R_11gVnKIm8ZMHa1M,*******,*******,*******,*******,*******,*******,anonymous,EN,1,25,1,1,Aus,2,2,4,3,3,4,4,3,3,4,4,2,3,4,2,4,4,4,4,5,3,5,4,5,1,2,3,2,1,59.495,64.778,351.449,2,4,4,4,5,4,5,4,5,1,2,2,1,2,,,,,,2,111.722,111.722,409.203,1,,,,,,,,5,5,4,5,4,5,5,5,1,2,2,1,2,3,2,1,3,2,2,3,2,2,2,2,2,3,2,2,3,2,4,4,4,4,4,3,3,4,3,3,2,3,4,1,4,2,2,3,2,1,4,2,2,4,3,1
2016-08-16 07:22:09,2016-08-16 07:51:41,0,*******,100,1772,1,2016-08-16 07:51:42,R_2SjknK3rdn6uDs2,*******,*******,*******,*******,*******,*******,anonymous,EN,1,46,2,1,Australian,2,6,5,3,3,2,5,5,5,5,3,5,5,3,4,5,1,1,1,1,1,1,1,1,3,3,3,3,3,0,0,321.465,0,2,2,2,1,1,1,2,1,1,1,1,1,1,,,,,,,,,,,3,0,0,285.093,0,Great is your faithfulness - Hillsong,,1,1,1,1,1,1,1,1,2,2,3,3,2,5,5,4,2,4,1,4,4,1,4,4,4,5,4,2,1,1,3,4,4,4,4,4,2,5,5,2,2,4,4,3,2,3,3,2,3,3,2,4,4,3,3,2
2016-08-16 08:59:34,2016-08-16 09:16:55,0,*******,100,1041,1,2016-08-16 09:16:56,R_2wFC9AzNwElB3Ps,*******,*******,*******,*******,*******,*******,anonymous,EN,1,21,2,2,"Australian ",2,4,5,2,1,4,5,5,4,5,1,4,4,2,4,5,1,1,1,1,1,1,1,1,1,1,1,1,1,0,0,315.955,0,2,4,3,1,1,1,1,1,1,1,1,1,1,1,3.308,248.012,305.153,19,,,,,,,,,,,,,1,1,1,1,1,1,1,1,1,1,1,1,1,,,,,,,,,,,,,,,,,,,2,2,4,4,4,2,4,4,2,2,2,2,2,4,4,4,2,2,2,2,2,2,2,4,3
2016-08-16 10:06:45,2016-08-16 10:07:02,0,*******,100,16,1,2016-08-16 10:07:03,R_pSkYfOR4LYzFyj7,*******,*******,*******,*******,*******,*******,anonymous,EN,2,,,,,,,,,,,,,,,,,,,,,,,,,,,,,,,,,,,,,,,,,,,,,,,,,,,,,,,,,,,,,,,,,,,,,,,,,,,,,,,,,,,,,,,,,,,,,,,,,,,,,,,,,,,,,,,,,,,,,,,,,,,
2016-08-15 19:34:32,2016-08-15 19:36:48,0,*******,30,135,0,2016-08-22 19:37:07,R_720ozGHrrhsS5JD,*******,*******,*******,*******,*******,*******,anonymous,EN,1,21,1,1,Australian,2,5,4,3,2,4,4,5,2,5,1,4,4,4,1,5,2,1,2,2,2,1,1,1,2,3,1,2,2,,,,,,,,,,,,,,,,,,,,,,,,,,,,,,,,,,,,,,,,,,,,,,,,,,,,,,,,,,,,,,,,,,,,,,,,,,,,,,,,,,,,,,,,,,1
2016-08-15 19:34:06,2016-08-15 20:03:14,0,*******,60,1748,0,2016-08-22 20:03:50,R_3NCYwQgZB6DTMGa,*******,*******,*******,*******,*******,*******,anonymous,EN,1,23,2,1,"Finnish/Australian ",2,7,5,2,4,4,5,5,4,4,3,5,5,4,4,5,1,1,1,1,1,1,1,1,3,3,3,3,2,0,0,1174.979,0,1,3,3,1,2,1,1,1,2,2,2,1,1,,,,,,2,1.687,1.687,315.485,1,,,,,,,,2,2,2,2,2,2,2,2,,,,,,,,,,,,,,,,,,,,,,,,,,,,,,,,,,,,,,,,,,,,,,,,2
2016-08-15 20:04:56,2016-08-15 20:09:09,0,*******,30,252,0,2016-08-22 20:09:56,R_3MGbHMkLB2S7S9x,*******,*******,*******,*******,*******,*******,anonymous,EN,1,51,1,1,australian,2,5,5,2,2,4,4,5,2,5,4,2,4,5,3,6,2,1,1,1,3,2,1,2,1,1,1,1,1,,,,,,,,,,,,,,,,,,,,,,,,,,,,,,,,,,,,,,,,,,,,,,,,,,,,,,,,,,,,,,,,,,,,,,,,,,,,,,,,,,,,,,,,,,1
2016-08-15 21:37:00,2016-08-15 21:39:32,0,*******,30,152,0,2016-08-22 21:40:18,R_3QJfVDKAoqXNsrv,*******,*******,*******,*******,*******,*******,anonymous,EN,1,29,2,2,Australian,2,6,6,5,4,2,7,6,6,6,2,5,6,4,2,4,1,1,1,1,1,1,1,1,2,1,2,2,2,,,,,,,,,,,,,,,,,,,,,,,,,,,,,,,,,,,,,,,,,,,,,,,,,,,,,,,,,,,,,,,,,,,,,,,,,,,,,,,,,,,,,,,,,,3
2016-08-15 21:55:28,2016-08-15 21:58:36,0,*******,30,188,0,2016-08-22 21:58:59,R_1hW0STcsVAJEkKI,*******,*******,*******,*******,*******,*******,anonymous,EN,1,21,2,1,Australian,2,4,5,3,2,2,5,4,5,3,5,5,5,4,2,4,2,1,1,1,2,1,1,1,1,1,1,1,1,,,,,,,,,,,,,,,,,,,,,,,,,,,,,,,,,,,,,,,,,,,,,,,,,,,,,,,,,,,,,,,,,,,,,,,,,,,,,,,,,,,,,,,,,,2
2016-08-15 21:57:58,2016-08-15 22:00:53,0,*******,30,174,0,2016-08-22 22:01:03,R_2QlBCi0CXGs0wke,*******,*******,*******,*******,*******,*******,anonymous,EN,1,22,2,1,"Australian ",2,4,4,2,1,3,4,4,4,4,4,5,4,3,4,5,2,2,2,3,3,1,2,1,1,1,1,1,1,,,,,,,,,,,,,,,,,,,,,,,,,,,,,,,,,,,,,,,,,,,,,,,,,,,,,,,,,,,,,,,,,,,,,,,,,,,,,,,,,,,,,,,,,,2
2016-08-15 23:11:18,2016-08-15 23:14:39,0,*******,30,201,0,2016-08-22 23:14:50,R_1gOUcKgIj896vn4,*******,*******,*******,*******,*******,*******,anonymous,EN,1,27,2,1,Australian,2,7,5,2,2,1,4,6,4,3,2,4,7,3,4,7,3,3,3,3,4,3,4,3,1,1,1,1,1,,,,,,,,,,,,,,,,,,,,,,,,,,,,,,,,,,,,,,,,,,,,,,,,,,,,,,,,,,,,,,,,,,,,,,,,,,,,,,,,,,,,,,,,,,2
2016-08-15 23:19:25,2016-08-15 23:22:01,0,*******,30,155,0,2016-08-22 23:22:04,R_3oZ3JFaAS4nBwnz,*******,*******,*******,*******,*******,*******,anonymous,EN,1,27,2,1,Australian,2,6,5,2,3,2,4,6,3,4,2,4,6,4,4,6,3,3,3,4,4,3,4,4,1,1,1,1,1,,,,,,,,,,,,,,,,,,,,,,,,,,,,,,,,,,,,,,,,,,,,,,,,,,,,,,,,,,,,,,,,,,,,,,,,,,,,,,,,,,,,,,,,,,2
2016-08-15 23:31:25,2016-08-15 23:40:17,0,*******,50,531,0,2016-08-22 23:40:44,R_2EaZmLy4wsgwaDN,*******,*******,*******,*******,*******,*******,anonymous,EN,1,26,2,2,Australian,2,7,7,1,1,1,7,7,7,7,2,5,7,6,5,7,2,2,2,2,2,2,2,2,1,1,1,1,1,119.18,127.939,338.041,3,3,3,3,3,3,3,3,3,1,1,1,1,1,,,,,,,,,,,,,,,,,,,,,,,,,,,,,,,,,,,,,,,,,,,,,,,,,,,,,,,,,,,,,,,,,,,,,,,,,3
2016-08-15 23:36:54,2016-08-15 23:55:10,0,*******,30,1096,0,2016-08-22 23:55:46,R_5oMdzardNLV7CiB,*******,*******,*******,*******,*******,*******,anonymous,EN,1,21,2,1,Australia,2,5,5,4,3,2,5,5,3,3,1,4,5,3,4,5,1,1,1,1,2,1,1,1,3,2,2,1,2,,,,,,,,,,,,,,,,,,,,,,,,,,,,,,,,,,,,,,,,,,,,,,,,,,,,,,,,,,,,,,,,,,,,,,,,,,,,,,,,,,,,,,,,,,2
2016-08-16 11:00:55,2016-08-16 11:07:10,0,*******,30,375,0,2016-08-23 11:07:16,R_1HpEIGhu3krAHpR,*******,*******,*******,*******,*******,*******,anonymous,EN,1,20,2,2,Australian,2,5,6,4,3,3,6,4,4,7,4,5,5,2,1,2,3,2,4,2,4,2,2,3,2,1,3,2,1,,,,,,,,,,,,,,,,,,,,,,,,,,,,,,,,,,,,,,,,,,,,,,,,,,,,,,,,,,,,,,,,,,,,,,,,,,,,,,,,,,,,,,,,,,3
2016-08-16 16:38:12,2016-08-16 16:44:06,0,*******,30,354,0,2016-08-23 16:44:14,R_3g0jOo7raz21Oh8,*******,*******,*******,*******,*******,*******,anonymous,EN,1,22,2,2,Australian,2,4,5,3,2,1,4,6,5,4,1,3,3,2,1,2,1,1,1,1,1,1,1,1,4,5,4,4,4,,,,,,,,,,,,,,,,,,,,,,,,,,,,,,,,,,,,,,,,,,,,,,,,,,,,,,,,,,,,,,,,,,,,,,,,,,,,,,,,,,,,,,,,,,3
2016-08-16 17:49:08,2016-08-16 17:57:53,0,*******,50,524,0,2016-08-23 17:58:33,R_3fxavnbnrJOfNBM,*******,*******,*******,*******,*******,*******,anonymous,EN,1,20,2,1,"Australian ",2,5,5,4,1,2,6,5,6,4,1,5,4,2,2,4,1,1,1,1,1,1,1,1,3,2,2,1,1,0,0,317.393,0,1,2,1,1,2,1,1,1,1,1,1,1,1,,,,,,,,,,,,,,,,,,,,,,,,,,,,,,,,,,,,,,,,,,,,,,,,,,,,,,,,,,,,,,,,,,,,,,,,,2
2016-08-17 16:21:54,2016-08-17 16:39:51,0,*******,99,1076,0,2016-08-24 16:40:07,R_xc0yHDaTrm6AVI5,*******,*******,*******,*******,*******,*******,anonymous,EN,1,22,2,1,Australian,2,6,7,2,1,3,4,5,5,5,2,7,3,2,3,5,3,2,1,2,2,2,2,1,2,3,2,2,2,0,0,394.587,0,2,3,3,2,2,2,2,2,4,3,3,2,2,,,,,,2,2.926,2.926,303.672,1,,,,,,,,2,2,3,2,1,1,1,1,3,3,3,2,2,3,4,2,3,4,3,3,2,2,2,2,1,4,3,2,2,2,3,3,2,2,2,1,5,2,2,1,4,2,2,1,2,3,2,2,1,1,1,4,3,3,3,2
2016-08-16 13:05:00,2016-08-17 20:00:37,0,*******,30,111336,0,2016-08-24 20:01:12,R_2YfU2sVJczJ3Z2Z,*******,*******,*******,*******,*******,*******,anonymous,EN,1,22,2,1,Australian,2,4,5,3,2,4,5,5,5,5,2,5,4,4,3,4,2,2,2,2,3,1,2,2,2,2,2,1,1,,,,,,,,,,,,,,,,,,,,,,,,,,,,,,,,,,,,,,,,,,,,,,,,,,,,,,,,,,,,,,,,,,,,,,,,,,,,,,,,,,,,,,,,,,2
2016-08-20 16:09:56,2016-08-20 16:20:29,0,*******,30,632,0,2016-08-27 16:21:09,R_1oz4SQ3GT8b0Um2,*******,*******,*******,*******,*******,*******,anonymous,EN,1,22,2,1,Australian,2,5,4,4,4,4,5,5,4,5,3,4,4,2,4,4,1,1,1,1,3,1,2,1,2,1,1,1,1,,,,,,,,,,,,,,,,,,,,,,,,,,,,,,,,,,,,,,,,,,,,,,,,,,,,,,,,,,,,,,,,,,,,,,,,,,,,,,,,,,,,,,,,,,2
2016-08-15 16:48:19,2016-08-15 16:48:43,0,*******,1,24,0,2016-08-30 11:08:43,R_CksdGNHLiiHiE7v,*******,*******,*******,*******,*******,*******,anonymous,EN,2,,,,,,,,,,,,,,,,,,,,,,,,,,,,,,,,,,,,,,,,,,,,,,,,,,,,,,,,,,,,,,,,,,,,,,,,,,,,,,,,,,,,,,,,,,,,,,,,,,,,,,,,,,,,,,,,,,,,,,,,,,,
2016-08-15 17:32:34,2016-08-15 17:33:12,0,*******,6,37,0,2016-08-30 11:09:37,R_3GivAwV2dV3GyhO,*******,*******,*******,*******,*******,*******,anonymous,EN,1,40,2,1,Australian,2,,,,,,,,,,,,,,,,,,,,,,,,,,,,,,,,,,,,,,,,,,,,,,,,,,,,,,,,,,,,,,,,,,,,,,,,,,,,,,,,,,,,,,,,,,,,,,,,,,,,,,,,,,,,,,,,,,,,,,2
2016-08-15 19:53:12,2016-08-15 20:13:47,0,*******,39,1235,0,2016-08-30 11:11:52,R_qKoX5OCsM0SDEHv,*******,*******,*******,*******,*******,*******,anonymous,EN,1,28,1,1,"Australian ",2,6,6,3,4,3,7,6,6,5,5,6,7,2,5,5,3,4,3,5,2,2,5,5,4,4,2,2,3,0,0,968.684,0,3,3,1,1,1,1,1,1,,,,,,,,,,,,,,,,,,,,,,,,,,,,,,,,,,,,,,,,,,,,,,,,,,,,,,,,,,,,,,,,,,,,,,,,,,,,,,1
2016-08-15 21:41:44,2016-08-15 21:48:50,0,*******,30,426,0,2016-08-30 11:13:23,R_1BMqWiaDtpnqYxz,*******,*******,*******,*******,*******,*******,anonymous,EN,1,24,1,1,Ukrainian,2,7,5,4,2,2,4,6,4,7,2,2,4,5,4,6,3,3,3,3,3,3,3,3,2,1,1,1,1,,,,,,,,,,,,,,,,,,,,,,,,,,,,,,,,,,,,,,,,,,,,,,,,,,,,,,,,,,,,,,,,,,,,,,,,,,,,,,,,,,,,,,,,,,1
2016-08-15 21:54:39,2016-08-15 21:57:01,0,*******,30,141,0,2016-08-30 11:13:31,R_1K2cQJ4fcRAKAU8,*******,*******,*******,*******,*******,*******,anonymous,EN,1,21,2,1,Australian,2,6,5,4,2,2,7,6,5,7,2,5,5,3,3,7,1,1,1,1,1,1,1,1,1,1,1,1,1,,,,,,,,,,,,,,,,,,,,,,,,,,,,,,,,,,,,,,,,,,,,,,,,,,,,,,,,,,,,,,,,,,,,,,,,,,,,,,,,,,,,,,,,,,2
2016-08-15 22:00:09,2016-08-15 22:02:30,0,*******,30,141,0,2016-08-30 11:13:41,R_2u8S7uqjtbJHCZr,*******,*******,*******,*******,*******,*******,anonymous,EN,1,20,2,2,New Zealand,2,4,4,4,5,4,4,4,4,5,3,4,3,5,4,4,4,4,4,5,5,4,4,4,1,1,1,1,1,,,,,,,,,,,,,,,,,,,,,,,,,,,,,,,,,,,,,,,,,,,,,,,,,,,,,,,,,,,,,,,,,,,,,,,,,,,,,,,,,,,,,,,,,,3
2016-08-16 08:11:00,2016-08-16 08:57:54,0,*******,51,2814,0,2016-08-30 11:53:19,R_33s5CfSYy13eoG2,*******,*******,*******,*******,*******,*******,anonymous,EN,1,25,2,1,"Australian ",2,4,5,3,2,2,6,5,4,2,2,5,4,4,2,5,1,1,1,1,2,1,1,1,1,1,2,2,1,0,0,322.164,0,1,2,2,1,2,1,1,1,1,2,2,2,1,,,,,,,,,,,3,1.36,50.724,2255.185,6,,,,,,,,,,,,,,,,,,,,,,,,,,,,,,,,,,,,,,,,,,,,,,,,,,,,,,,,,,2
2016-09-20 11:41:52,2016-09-20 13:26:16,0,*******,18,6263,0,2016-09-20 13:32:22,R_1MKTOyoOQqZv3jh,*******,*******,*******,*******,*******,*******,anonymous,EN,1,,,,,2,,,,,,,,,,,,,,,,,,,,,,,,,,,,,,,,,,,,,,,,,,,,,,,,,,,,,,,,,,,,,,,,,,,,,,,,,,,,,,,,,,,,,,,,,,,,,,,,,,,,,,,,,,,,,,,,,,,,,,1
