ResponseId,rumination,Timepoint,Sadness
R_2rijsT3XAa3Cv3Z,3.75,PostInduction,19
R_2rijsT3XAa3Cv3Z,3.75,PostListening,24
R_Ui71D5RORsAlxv3,3.5833333333333335,PostInduction,11
R_Ui71D5RORsAlxv3,3.5833333333333335,PostListening,11
R_1liMlgPyiYeH7H8,3.0833333333333335,PostInduction,6
R_1liMlgPyiYeH7H8,3.0833333333333335,PostListening,9
R_3KILj84C1mZM5ZG,3.5,PostInduction,7
R_3KILj84C1mZM5ZG,3.5,PostListening,9
R_1gI3QJznQ7yq7h4,3.4166666666666665,PostInduction,11
R_1gI3QJznQ7yq7h4,3.4166666666666665,PostListening,9
R_3dLdsAqFl4aBpSn,4,PostInduction,15
R_3dLdsAqFl4aBpSn,4,PostListening,16
R_1lc7VEYY7Cbbyqr,3.5833333333333335,PostInduction,24
R_1lc7VEYY7Cbbyqr,3.5833333333333335,PostListening,28
R_AoAOflWH8o2OEjn,3.5,PostInduction,9
R_AoAOflWH8o2OEjn,3.5,PostListening,7
R_3EJSlzrvfJboV2d,3.4166666666666665,PostInduction,13
R_3EJSlzrvfJboV2d,3.4166666666666665,PostListening,18
R_1ffUdte9nivS3uX,3.5833333333333335,PostInduction,11
R_1ffUdte9nivS3uX,3.5833333333333335,PostListening,14
R_3PtNEb9EKd4CFJE,3.8333333333333335,PostInduction,10
R_3PtNEb9EKd4CFJE,3.8333333333333335,PostListening,12
R_8982sTqWdUK4xVf,4.083333333333333,PostInduction,6
R_8982sTqWdUK4xVf,4.083333333333333,PostListening,7
R_riPLrg2AUwiq3VT,2.6666666666666665,PostInduction,5
R_riPLrg2AUwiq3VT,2.6666666666666665,PostListening,9
R_2E0MjkjuqJ037C6,3.5,PostInduction,24
R_2E0MjkjuqJ037C6,3.5,PostListening,15
R_3M3cN2ZPzguqbDM,3.8333333333333335,PostInduction,10
R_3M3cN2ZPzguqbDM,3.8333333333333335,PostListening,11
R_yO8Za3xaOdyNFu1,3.3333333333333335,PostInduction,5
R_yO8Za3xaOdyNFu1,3.3333333333333335,PostListening,20
R_2BkBvOtu7HCpAMf,3.5,PostInduction,13
R_2BkBvOtu7HCpAMf,3.5,PostListening,14
R_2AX7vFIyp3wjcHY,3.8333333333333335,PostInduction,4
R_2AX7vFIyp3wjcHY,3.8333333333333335,PostListening,12
R_1P0mmrJxm38caFD,3.3333333333333335,PostInduction,17
R_1P0mmrJxm38caFD,3.3333333333333335,PostListening,16
R_1gTvD1tjyIj1eYx,4.083333333333333,PostInduction,23
R_1gTvD1tjyIj1eYx,4.083333333333333,PostListening,26
R_3gXBqssRCFe9lMl,3.4166666666666665,PostInduction,9
R_3gXBqssRCFe9lMl,3.4166666666666665,PostListening,8
R_1mCMkkM9eoIPRB3,3.5833333333333335,PostInduction,10
R_1mCMkkM9eoIPRB3,3.5833333333333335,PostListening,13
R_2aCALWFkbCntiG9,4.333333333333333,PostInduction,5
R_2aCALWFkbCntiG9,4.333333333333333,PostListening,13
R_2WBUXfJE1GOoYKd,3.6666666666666665,PostInduction,19
R_2WBUXfJE1GOoYKd,3.6666666666666665,PostListening,15
R_24jV73WnLFxiS1S,3.1666666666666665,PostInduction,5
R_24jV73WnLFxiS1S,3.1666666666666665,PostListening,5
R_6WGQuInaxHG8JyN,3.5833333333333335,PostInduction,10
R_6WGQuInaxHG8JyN,3.5833333333333335,PostListening,10
R_3D5D8CzGpXkzfhn,3.1666666666666665,PostInduction,13
R_3D5D8CzGpXkzfhn,3.1666666666666665,PostListening,14
R_1cZVIcFvGgS5DXx,3.8333333333333335,PostInduction,18
R_1cZVIcFvGgS5DXx,3.8333333333333335,PostListening,16
R_UmtZF5FX1SZLQhr,3.75,PostInduction,9
R_UmtZF5FX1SZLQhr,3.75,PostListening,9
R_2sHPpyZPfZmiI13,3.6666666666666665,PostInduction,10
R_2sHPpyZPfZmiI13,3.6666666666666665,PostListening,14
R_2QrfwGT7kjVGbro,3.3333333333333335,PostInduction,11
R_2QrfwGT7kjVGbro,3.3333333333333335,PostListening,17
R_3M3wnPSo6fjeADv,3.8333333333333335,PostInduction,18
R_3M3wnPSo6fjeADv,3.8333333333333335,PostListening,12
R_1Iy35VJoH9S6Vxp,3,PostInduction,14
R_1Iy35VJoH9S6Vxp,3,PostListening,12
R_W7ip0lWPXlQq6WJ,3.5833333333333335,PostInduction,10
R_W7ip0lWPXlQq6WJ,3.5833333333333335,PostListening,14
R_9sNtNQtcjxfraz7,3.3333333333333335,PostInduction,12
R_9sNtNQtcjxfraz7,3.3333333333333335,PostListening,6
R_Apmf5AkpxQV6pm9,4.25,PostInduction,13
R_Apmf5AkpxQV6pm9,4.25,PostListening,15
R_1jpOftiT8qGcEst,3.0833333333333335,PostInduction,8
R_1jpOftiT8qGcEst,3.0833333333333335,PostListening,8
R_pax4EhZlib9TJxT,3.9166666666666665,PostInduction,14
R_pax4EhZlib9TJxT,3.9166666666666665,PostListening,12
R_2xS619KMYqFmDHl,3.5833333333333335,PostInduction,18
R_2xS619KMYqFmDHl,3.5833333333333335,PostListening,22
R_W8LfWCFwIPyQGrf,3.5,PostInduction,7
R_W8LfWCFwIPyQGrf,3.5,PostListening,7
R_cGDNsy35hHpRUxX,2.5,PostInduction,10
R_cGDNsy35hHpRUxX,2.5,PostListening,13
R_21cQuVMWFN54u9U,3.25,PostInduction,11
R_21cQuVMWFN54u9U,3.25,PostListening,12
R_7VAxZvkWm4AHVeN,3.9166666666666665,PostInduction,16
R_7VAxZvkWm4AHVeN,3.9166666666666665,PostListening,20
R_3MMcRniQ7IuzA7D,3.9166666666666665,PostInduction,20
R_3MMcRniQ7IuzA7D,3.9166666666666665,PostListening,20
R_1Nww7HYkLaq3HCl,4,PostInduction,7
R_1Nww7HYkLaq3HCl,4,PostListening,12
R_RwBkUZeESAyNqi5,3.3333333333333335,PostInduction,12
R_RwBkUZeESAyNqi5,3.3333333333333335,PostListening,9
R_3frS4yh1bqYeUvW,3.5,PostInduction,14
R_3frS4yh1bqYeUvW,3.5,PostListening,25
R_3halWfgeB7IuXFJ,3.5833333333333335,PostInduction,5
R_3halWfgeB7IuXFJ,3.5833333333333335,PostListening,9
R_9tXh8wrViCqTzrz,3.5,PostInduction,8
R_9tXh8wrViCqTzrz,3.5,PostListening,9
R_3Ph5bTfYedGxHvK,3.5833333333333335,PostInduction,12
R_3Ph5bTfYedGxHvK,3.5833333333333335,PostListening,11
R_2E75wF7XHhWP7hv,3.25,PostInduction,8
R_2E75wF7XHhWP7hv,3.25,PostListening,9
R_1BQxHqj5lTj8hHb,3.9166666666666665,PostInduction,22
R_1BQxHqj5lTj8hHb,3.9166666666666665,PostListening,17
R_ptpoH0J45LfSmml,4,PostInduction,10
R_ptpoH0J45LfSmml,4,PostListening,12
R_OiHysPYYS5FBUSB,3.6666666666666665,PostInduction,11
R_OiHysPYYS5FBUSB,3.6666666666666665,PostListening,13
R_1NssKgJrpQYDC5t,4,PostInduction,11
R_1NssKgJrpQYDC5t,4,PostListening,16
R_2AXoUaKv50b0Bix,3.6666666666666665,PostInduction,19
R_2AXoUaKv50b0Bix,3.6666666666666665,PostListening,18
R_1mK2ul87rA2uEPb,3.25,PostInduction,8
R_1mK2ul87rA2uEPb,3.25,PostListening,9
R_1oInXRMm1yHjBou,3.6666666666666665,PostInduction,11
R_1oInXRMm1yHjBou,3.6666666666666665,PostListening,13
R_3NI2Zvpxul6QjkZ,2,PostInduction,4
R_3NI2Zvpxul6QjkZ,2,PostListening,9
R_3n8xi8AVelDf0F1,2.25,PostInduction,7
R_3n8xi8AVelDf0F1,2.25,PostListening,8
R_2uBYOHrztEwGHUM,4,PostInduction,11
R_2uBYOHrztEwGHUM,4,PostListening,13
R_yQiuVq503lNGlSp,3.3333333333333335,PostInduction,5
R_yQiuVq503lNGlSp,3.3333333333333335,PostListening,6
R_3HODtDg87VHQpEg,3.3333333333333335,PostInduction,13
R_3HODtDg87VHQpEg,3.3333333333333335,PostListening,9
R_1DAr2hgYEDR9fJL,3.75,PostInduction,26
R_1DAr2hgYEDR9fJL,3.75,PostListening,28
R_6Eag2RBVmGtsodH,3.9166666666666665,PostInduction,22
R_6Eag2RBVmGtsodH,3.9166666666666665,PostListening,25
R_2S6OMewDWedRfNw,4.083333333333333,PostInduction,20
R_2S6OMewDWedRfNw,4.083333333333333,PostListening,21
R_24e0VoIT6IiiPPO,3.4166666666666665,PostInduction,14
R_24e0VoIT6IiiPPO,3.4166666666666665,PostListening,10
R_2Soc1sIf5nq8Dao,3.5833333333333335,PostInduction,8
R_2Soc1sIf5nq8Dao,3.5833333333333335,PostListening,12
R_3eqptwUySumYLS6,3.5,PostInduction,18
R_3eqptwUySumYLS6,3.5,PostListening,17
R_3EGMvz2fdQUOXuh,3.3333333333333335,PostInduction,12
R_3EGMvz2fdQUOXuh,3.3333333333333335,PostListening,10
R_1HQz45jqWRYoyVH,2.4166666666666665,PostInduction,6
R_1HQz45jqWRYoyVH,2.4166666666666665,PostListening,9
R_2VknAHP8loxrxFI,3.4166666666666665,PostInduction,8
R_2VknAHP8loxrxFI,3.4166666666666665,PostListening,9
R_3Ph8660gH5MLA6E,3.9166666666666665,PostInduction,9
R_3Ph8660gH5MLA6E,3.9166666666666665,PostListening,19
R_5p9Gsb47GNMl1h7,3.75,PostInduction,10
R_5p9Gsb47GNMl1h7,3.75,PostListening,13
R_0Gpuw8CjBsiYDy9,3.5,PostInduction,17
R_0Gpuw8CjBsiYDy9,3.5,PostListening,15
R_5sCd9679sHpCk2l,3.5833333333333335,PostInduction,6
R_5sCd9679sHpCk2l,3.5833333333333335,PostListening,15
R_1EhsugXlTQkWqzJ,3.75,PostInduction,8
R_1EhsugXlTQkWqzJ,3.75,PostListening,7
R_3IZiUmBedvwvKJw,2.75,PostInduction,8
R_3IZiUmBedvwvKJw,2.75,PostListening,7
R_1obDAPT0Vf9zsg6,3.5833333333333335,PostInduction,14
R_1obDAPT0Vf9zsg6,3.5833333333333335,PostListening,13
R_1ptwFvmX2wJbUEu,3.5,PostInduction,21
R_1ptwFvmX2wJbUEu,3.5,PostListening,18
R_1mIXNasLELhyN9N,3.4166666666666665,PostInduction,11
R_1mIXNasLELhyN9N,3.4166666666666665,PostListening,12
R_1eKVVi6hge9dkKS,3.0833333333333335,PostInduction,16
R_1eKVVi6hge9dkKS,3.0833333333333335,PostListening,17
R_Qfxv03ER8Sabf8J,3.8333333333333335,PostInduction,19
R_Qfxv03ER8Sabf8J,3.8333333333333335,PostListening,23
R_3hnYpgwWiwRAht3,3.5,PostInduction,21
R_3hnYpgwWiwRAht3,3.5,PostListening,8
R_2DP3BBDpJ0hBJPu,2.25,PostInduction,16
R_2DP3BBDpJ0hBJPu,2.25,PostListening,18
R_10ShswUBmyieO4U,3.0833333333333335,PostInduction,4
R_10ShswUBmyieO4U,3.0833333333333335,PostListening,5
R_wTQMONc5W3EpZS1,3.9166666666666665,PostInduction,9
R_wTQMONc5W3EpZS1,3.9166666666666665,PostListening,8
R_1gtGM0h7G6Zpkgh,3.3333333333333335,PostInduction,6
R_1gtGM0h7G6Zpkgh,3.3333333333333335,PostListening,5
R_1H5n74xKb9YEi6N,3.5,PostInduction,15
R_1H5n74xKb9YEi6N,3.5,PostListening,18
R_YSVGqngYtxmJsAx,3.4166666666666665,PostInduction,21
R_YSVGqngYtxmJsAx,3.4166666666666665,PostListening,12
R_10C2GH0Dsy00uAh,3.5,PostInduction,16
R_10C2GH0Dsy00uAh,3.5,PostListening,16
R_1FaBiplRhxzRFIu,3.6666666666666665,PostInduction,11
R_1FaBiplRhxzRFIu,3.6666666666666665,PostListening,8
R_1ilA82aG6NqDwmv,3.4166666666666665,PostInduction,4
R_1ilA82aG6NqDwmv,3.4166666666666665,PostListening,6
R_12PUVr32Pj37aWe,3.8333333333333335,PostInduction,17
R_12PUVr32Pj37aWe,3.8333333333333335,PostListening,18
R_vV113a5LxUiF1YZ,3.6666666666666665,PostInduction,23
R_vV113a5LxUiF1YZ,3.6666666666666665,PostListening,24
R_12g9y6owJ8cDmZn,3.5,PostInduction,17
R_12g9y6owJ8cDmZn,3.5,PostListening,23
R_2QGJD1SdaBAFi0H,3.3333333333333335,PostInduction,7
R_2QGJD1SdaBAFi0H,3.3333333333333335,PostListening,6
R_12rpNlqYHT41C8H,3.8333333333333335,PostInduction,17
R_12rpNlqYHT41C8H,3.8333333333333335,PostListening,18
R_2aX23uACu2zk0kb,3.6666666666666665,PostInduction,19
R_2aX23uACu2zk0kb,3.6666666666666665,PostListening,13
R_1jSTnEp9fnHGfK6,4,PostInduction,11
R_1jSTnEp9fnHGfK6,4,PostListening,12
R_2qEOSnPOxpuz5OU,3.0833333333333335,PostInduction,9
R_2qEOSnPOxpuz5OU,3.0833333333333335,PostListening,12
R_1BQ3vFCtcsH8hja,3.4166666666666665,PostInduction,20
R_1BQ3vFCtcsH8hja,3.4166666666666665,PostListening,13
R_3j0eB54yuHOsemW,3.3333333333333335,PostInduction,6
R_3j0eB54yuHOsemW,3.3333333333333335,PostListening,7
R_pz8T5Gsra4uhE7T,3.1666666666666665,PostInduction,23
R_pz8T5Gsra4uhE7T,3.1666666666666665,PostListening,22
R_2ro5ycWmEsELLw1,3.0833333333333335,PostInduction,15
R_2ro5ycWmEsELLw1,3.0833333333333335,PostListening,6
R_2XgmtVIbYprfIhQ,3.4166666666666665,PostInduction,10
R_2XgmtVIbYprfIhQ,3.4166666666666665,PostListening,11
R_2bIb8av6E7RheOI,3.6666666666666665,PostInduction,17
R_2bIb8av6E7RheOI,3.6666666666666665,PostListening,20
R_pgxVtJGIj5UrOs9,3.8333333333333335,PostInduction,11
R_pgxVtJGIj5UrOs9,3.8333333333333335,PostListening,10
R_yF8cUdsc5zgF3Il,3.3333333333333335,PostInduction,17
R_yF8cUdsc5zgF3Il,3.3333333333333335,PostListening,20
R_1lmh3yWbqQjnUDT,3,PostInduction,8
R_1lmh3yWbqQjnUDT,3,PostListening,8
R_3oHBHH55bPTGjAi,3.8333333333333335,PostInduction,7
R_3oHBHH55bPTGjAi,3.8333333333333335,PostListening,9
R_1HjWeBFuZrzbbEm,3.75,PostInduction,6
R_1HjWeBFuZrzbbEm,3.75,PostListening,8
R_2WCffnZvkatx4MZ,3.9166666666666665,PostInduction,12
R_2WCffnZvkatx4MZ,3.9166666666666665,PostListening,14
R_2zl8Cbsqvsn0Dzu,3.6666666666666665,PostInduction,18
R_2zl8Cbsqvsn0Dzu,3.6666666666666665,PostListening,26
R_1FP9LsB5uCOm0nT,3.8333333333333335,PostInduction,11
R_1FP9LsB5uCOm0nT,3.8333333333333335,PostListening,12
R_3NSyqPQcxvk8rzr,3.5,PostInduction,18
R_3NSyqPQcxvk8rzr,3.5,PostListening,18
R_7ZCoi40NyBKjfLr,3.5,PostInduction,5
R_7ZCoi40NyBKjfLr,3.5,PostListening,6
R_W1H6T6Bwdet9SDf,3.8333333333333335,PostInduction,11
R_W1H6T6Bwdet9SDf,3.8333333333333335,PostListening,25
R_3fHnAlHw4eeKuY3,3.5,PostInduction,8
R_3fHnAlHw4eeKuY3,3.5,PostListening,12
R_20SfRaBAQdYcT2D,3.25,PostInduction,22
R_20SfRaBAQdYcT2D,3.25,PostListening,17
R_1mUVV1ABTMs3T3A,3.3333333333333335,PostInduction,10
R_1mUVV1ABTMs3T3A,3.3333333333333335,PostListening,13
R_OJ9yOCcMOxRMpEt,3,PostInduction,11
R_OJ9yOCcMOxRMpEt,3,PostListening,13
R_3JhqzaLiH5nrwiv,3.5833333333333335,PostInduction,6
R_3JhqzaLiH5nrwiv,3.5833333333333335,PostListening,7
R_3G2FdgheCNyceYt,3.5833333333333335,PostInduction,9
R_3G2FdgheCNyceYt,3.5833333333333335,PostListening,10
R_9X1hcv9oqgMZAtP,3.6666666666666665,PostInduction,21
R_9X1hcv9oqgMZAtP,3.6666666666666665,PostListening,27
R_1eERDvAnRIeeKlA,3.5,PostInduction,11
R_1eERDvAnRIeeKlA,3.5,PostListening,12
R_9LAn286EItgyOlP,3.75,PostInduction,12
R_9LAn286EItgyOlP,3.75,PostListening,15
R_2wRLDS4H7eVexgi,2.9166666666666665,PostInduction,9
R_2wRLDS4H7eVexgi,2.9166666666666665,PostListening,11
R_1GwgEN1ecaAO1F6,2.9166666666666665,PostInduction,6
R_1GwgEN1ecaAO1F6,2.9166666666666665,PostListening,7
R_2wjI1auPhGJOBFu,2.8333333333333335,PostInduction,5
R_2wjI1auPhGJOBFu,2.8333333333333335,PostListening,5
R_1EbdrhoMmYE4uIX,4.083333333333333,PostInduction,6
R_1EbdrhoMmYE4uIX,4.083333333333333,PostListening,10
R_27OSFuPdj3I5uWq,3.8333333333333335,PostInduction,9
R_27OSFuPdj3I5uWq,3.8333333333333335,PostListening,11
R_9Sl8y4y7u1Zld0B,3.1666666666666665,PostInduction,17
R_9Sl8y4y7u1Zld0B,3.1666666666666665,PostListening,21
R_233sMHOH122x6Ex,3.5,PostInduction,15
R_233sMHOH122x6Ex,3.5,PostListening,14
R_3hmErsbMBBN3x1v,3.9166666666666665,PostInduction,16
R_3hmErsbMBBN3x1v,3.9166666666666665,PostListening,20
R_3KJf2vmat0kTqvh,4,PostInduction,14
R_3KJf2vmat0kTqvh,4,PostListening,14
R_1IlULlN33g1jMGn,3.75,PostInduction,4
R_1IlULlN33g1jMGn,3.75,PostListening,14
R_8B4gTIih7ilN3Hz,3.75,PostInduction,13
R_8B4gTIih7ilN3Hz,3.75,PostListening,14
R_0NzSa2LcSacAdu9,3.5,PostInduction,8
R_0NzSa2LcSacAdu9,3.5,PostListening,8
R_1mqEOiVOuddbFr3,3.9166666666666665,PostInduction,21
R_1mqEOiVOuddbFr3,3.9166666666666665,PostListening,25
R_3mEXhduPeCjTLNf,3.5,PostInduction,9
R_3mEXhduPeCjTLNf,3.5,PostListening,19
R_3kpQzhsUgaRGZwK,3.1666666666666665,PostInduction,9
R_3kpQzhsUgaRGZwK,3.1666666666666665,PostListening,13
R_Z1S53FtGhx4r4QN,4,PostInduction,26
R_Z1S53FtGhx4r4QN,4,PostListening,26
R_tFEou3pMF9uv997,3.5,PostInduction,10
R_tFEou3pMF9uv997,3.5,PostListening,14
R_3PFtcglTVYAqdoM,3.4166666666666665,PostInduction,7
R_3PFtcglTVYAqdoM,3.4166666666666665,PostListening,9
R_3h56Gon9dQozvUE,3.0833333333333335,PostInduction,6
R_3h56Gon9dQozvUE,3.0833333333333335,PostListening,5
R_11dqNe81TUKXMLn,3.25,PostInduction,12
R_11dqNe81TUKXMLn,3.25,PostListening,13
R_2CepBNUQKGwm4C0,3.5833333333333335,PostInduction,12
R_2CepBNUQKGwm4C0,3.5833333333333335,PostListening,12
R_1pEXhrbcFMAKcXV,4,PostInduction,22
R_1pEXhrbcFMAKcXV,4,PostListening,19
R_2zAU275MAzPkOxf,3.3333333333333335,PostInduction,7
R_2zAU275MAzPkOxf,3.3333333333333335,PostListening,9
R_2rjt38HGbRWCigI,2.1666666666666665,PostInduction,9
R_2rjt38HGbRWCigI,2.1666666666666665,PostListening,9
R_268grZN0cyT6UuZ,3.9166666666666665,PostInduction,6
R_268grZN0cyT6UuZ,3.9166666666666665,PostListening,7
R_31LaCQYvwwXsEHn,3.3333333333333335,PostInduction,9
R_31LaCQYvwwXsEHn,3.3333333333333335,PostListening,8
R_2VIRKUytKZ0JSXk,3.9166666666666665,PostInduction,9
R_2VIRKUytKZ0JSXk,3.9166666666666665,PostListening,8
R_2tx4O0fK7HAS6eS,3.4166666666666665,PostInduction,17
R_2tx4O0fK7HAS6eS,3.4166666666666665,PostListening,18
R_2xORU36msQ6UDlz,4,PostInduction,7
R_2xORU36msQ6UDlz,4,PostListening,8
R_1po3xwHpBnicS5t,3.0833333333333335,PostInduction,15
R_1po3xwHpBnicS5t,3.0833333333333335,PostListening,12
R_1Dp5xuwsj0o77ME,3.4166666666666665,PostInduction,11
R_1Dp5xuwsj0o77ME,3.4166666666666665,PostListening,13
R_2w6myAqYgNUdmq6,3.25,PostInduction,11
R_2w6myAqYgNUdmq6,3.25,PostListening,8
R_2lOJIZ3uQUxQQWl,3.4166666666666665,PostInduction,11
R_2lOJIZ3uQUxQQWl,3.4166666666666665,PostListening,16
R_2Wx2XOg5WPYFWHU,3.6666666666666665,PostInduction,12
R_2Wx2XOg5WPYFWHU,3.6666666666666665,PostListening,19
R_2CUsSuYnjXsFOUr,2.75,PostInduction,7
R_2CUsSuYnjXsFOUr,2.75,PostListening,7
R_1IM0xqmoVrjasnG,3.3333333333333335,PostInduction,13
R_1IM0xqmoVrjasnG,3.3333333333333335,PostListening,15
R_1Cek40UIYqWBNht,3.75,PostInduction,17
R_1Cek40UIYqWBNht,3.75,PostListening,17
R_VLsIL4WClUNlWV3,3.5,PostInduction,12
R_VLsIL4WClUNlWV3,3.5,PostListening,15
R_6uqXWSvILX8XHjj,3,PostInduction,24
R_6uqXWSvILX8XHjj,3,PostListening,16
R_3knWrG3R3RCXNC6,3.9166666666666665,PostInduction,22
R_3knWrG3R3RCXNC6,3.9166666666666665,PostListening,24
R_3xCl9FBzGo4TKO5,3.0833333333333335,PostInduction,8
R_3xCl9FBzGo4TKO5,3.0833333333333335,PostListening,9
R_3OdBxqBy05EPGXm,3.4166666666666665,PostInduction,13
R_3OdBxqBy05EPGXm,3.4166666666666665,PostListening,15
R_1ff07nFtnb9riRd,3.25,PostInduction,26
R_1ff07nFtnb9riRd,3.25,PostListening,26
R_2v01HYaFeY4xw72,4,PostInduction,15
R_2v01HYaFeY4xw72,4,PostListening,15
R_DjfbYR2Kt9dICWJ,2.6666666666666665,PostInduction,7
R_DjfbYR2Kt9dICWJ,2.6666666666666665,PostListening,6
R_1dEb4p7oY8w0S83,3.0833333333333335,PostInduction,6
R_1dEb4p7oY8w0S83,3.0833333333333335,PostListening,6
R_1jqWnfA4rE2fsCP,3.25,PostInduction,16
R_1jqWnfA4rE2fsCP,3.25,PostListening,9
R_1cSSjS1qWozhrQA,4,PostInduction,21
R_1cSSjS1qWozhrQA,4,PostListening,21
R_5dQt5pGUNp1UNhf,3.6666666666666665,PostInduction,13
R_5dQt5pGUNp1UNhf,3.6666666666666665,PostListening,18
R_d0S7i1g6dMM8On7,2.8333333333333335,PostInduction,16
R_d0S7i1g6dMM8On7,2.8333333333333335,PostListening,13
R_1d01y50FMiaFiX4,1.5,PostInduction,20
R_1d01y50FMiaFiX4,1.5,PostListening,12
R_2YlF2fTfxWHnUJ9,3.5,PostInduction,14
R_2YlF2fTfxWHnUJ9,3.5,PostListening,17
R_2f0A4dCCuxRKaig,3.25,PostInduction,7
R_2f0A4dCCuxRKaig,3.25,PostListening,9
R_2qluURnmNyL0lgr,3.5833333333333335,PostInduction,8
R_2qluURnmNyL0lgr,3.5833333333333335,PostListening,9
R_1r6ay1rt0z4OvLd,4,PostInduction,19
R_1r6ay1rt0z4OvLd,4,PostListening,15
R_cUARYiJ01razpU5,2.5833333333333335,PostInduction,22
R_cUARYiJ01razpU5,2.5833333333333335,PostListening,15
R_3R8zxtqU0UBKmr1,3.5833333333333335,PostInduction,16
R_3R8zxtqU0UBKmr1,3.5833333333333335,PostListening,15
R_pbHoM1qDRwY7nvX,3.5,PostInduction,20
R_pbHoM1qDRwY7nvX,3.5,PostListening,22
R_1QDV1fF0vmNvT6G,3.3333333333333335,PostInduction,13
R_1QDV1fF0vmNvT6G,3.3333333333333335,PostListening,9
R_2xRiiJ2uPwuCrVO,3.5833333333333335,PostInduction,13
R_2xRiiJ2uPwuCrVO,3.5833333333333335,PostListening,27
R_3LgVvkOMH8oXYPW,3,PostInduction,8
R_3LgVvkOMH8oXYPW,3,PostListening,15
R_265vsfSFlK8JtDf,3.6666666666666665,PostInduction,9
R_265vsfSFlK8JtDf,3.6666666666666665,PostListening,9
R_3O6cL2wJxPAeC9E,3.5833333333333335,PostInduction,7
R_3O6cL2wJxPAeC9E,3.5833333333333335,PostListening,7
R_2TY6yiVdBgP8UCN,3,PostInduction,6
R_2TY6yiVdBgP8UCN,3,PostListening,8
R_2XnEHmdg6x3947c,3.3333333333333335,PostInduction,22
R_2XnEHmdg6x3947c,3.3333333333333335,PostListening,14
R_vjz6lLW8RrWiLId,3.25,PostInduction,9
R_vjz6lLW8RrWiLId,3.25,PostListening,11
R_eqvznL4dnRHjeLf,3.8333333333333335,PostInduction,14
R_eqvznL4dnRHjeLf,3.8333333333333335,PostListening,14
R_1irh2Qj2wgV5zWd,3.5833333333333335,PostInduction,10
R_1irh2Qj2wgV5zWd,3.5833333333333335,PostListening,11
R_3FLJUaO9tyAKvMl,3.4166666666666665,PostInduction,13
R_3FLJUaO9tyAKvMl,3.4166666666666665,PostListening,14
R_d11eZ1rj2VwM8Vj,4,PostInduction,11
R_d11eZ1rj2VwM8Vj,4,PostListening,16
R_1i9xmOFuAeTnyax,3.4166666666666665,PostInduction,9
R_1i9xmOFuAeTnyax,3.4166666666666665,PostListening,12
R_w0Ge97GJKcyHyeJ,3.5833333333333335,PostInduction,10
R_w0Ge97GJKcyHyeJ,3.5833333333333335,PostListening,11
R_2Ehknc618jKensU,3.0833333333333335,PostInduction,6
R_2Ehknc618jKensU,3.0833333333333335,PostListening,9
R_3kzVFeQ3EemKdvQ,3.75,PostInduction,12
R_3kzVFeQ3EemKdvQ,3.75,PostListening,10
R_3R3j5O4EWbr3nLI,3.75,PostInduction,22
R_3R3j5O4EWbr3nLI,3.75,PostListening,16
R_3RrnP5Fl6euePuA,3.9166666666666665,PostInduction,20
R_3RrnP5Fl6euePuA,3.9166666666666665,PostListening,20
R_3stgyJiCoSr9Lv6,3.4166666666666665,PostInduction,16
R_3stgyJiCoSr9Lv6,3.4166666666666665,PostListening,16
R_1d4FtnGECG2wwIH,3.5,PostInduction,9
R_1d4FtnGECG2wwIH,3.5,PostListening,10
R_VX1vFnkPFBkYBq1,2.75,PostInduction,6
R_VX1vFnkPFBkYBq1,2.75,PostListening,11
R_2uJ4jlRhr1rOBPG,3.6666666666666665,PostInduction,7
R_2uJ4jlRhr1rOBPG,3.6666666666666665,PostListening,11
R_26bSt35PSfeCKXH,3.5833333333333335,PostInduction,22
R_26bSt35PSfeCKXH,3.5833333333333335,PostListening,24
R_2dtee1di5Oc6o50,2.8333333333333335,PostInduction,6
R_2dtee1di5Oc6o50,2.8333333333333335,PostListening,10
R_3eskpJwECsmvo0A,4,PostInduction,9
R_3eskpJwECsmvo0A,4,PostListening,13
R_3g1smT9phiV4rVd,3.3333333333333335,PostInduction,9
R_3g1smT9phiV4rVd,3.3333333333333335,PostListening,10
R_0JSjiAGOeadPrXP,3,PostInduction,4
R_0JSjiAGOeadPrXP,3,PostListening,6
R_2aCY50nh6H7btcq,4.333333333333333,PostInduction,13
R_2aCY50nh6H7btcq,4.333333333333333,PostListening,13
R_3HtujzHY55KFfd8,3.0833333333333335,PostInduction,21
R_3HtujzHY55KFfd8,3.0833333333333335,PostListening,11
R_4JFLmHUNAACcAs9,3.5,PostInduction,6
R_4JFLmHUNAACcAs9,3.5,PostListening,9
R_8Iy1z3U6eNI8epX,3.5833333333333335,PostInduction,12
R_8Iy1z3U6eNI8epX,3.5833333333333335,PostListening,10
R_3p5bFMn5SgZzPFE,3.4166666666666665,PostInduction,20
R_3p5bFMn5SgZzPFE,3.4166666666666665,PostListening,20
R_2WMBGrOAIs9d2lT,3.5833333333333335,PostInduction,9
R_2WMBGrOAIs9d2lT,3.5833333333333335,PostListening,11
R_2s4v7Gs7jclbs2f,3.5833333333333335,PostInduction,21
R_2s4v7Gs7jclbs2f,3.5833333333333335,PostListening,16
R_1r6qV4ye2PBuUv2,3.4166666666666665,PostInduction,12
R_1r6qV4ye2PBuUv2,3.4166666666666665,PostListening,13
R_2OVIrwnbI7NBxhS,3.25,PostInduction,7
R_2OVIrwnbI7NBxhS,3.25,PostListening,7
R_2YP896uOVQT7o1R,3.1666666666666665,PostInduction,13
R_2YP896uOVQT7o1R,3.1666666666666665,PostListening,7
R_2OOt5QqDNIvRioz,3.5833333333333335,PostInduction,12
R_2OOt5QqDNIvRioz,3.5833333333333335,PostListening,8
R_9oF8Mftcrn842gV,3.5,PostInduction,12
R_9oF8Mftcrn842gV,3.5,PostListening,14
R_2Yz7yVNIl5yRQck,3.0833333333333335,PostInduction,12
R_2Yz7yVNIl5yRQck,3.0833333333333335,PostListening,12
R_3QFBkTsJ7dVxsTb,4,PostInduction,5
R_3QFBkTsJ7dVxsTb,4,PostListening,6
R_p3sVEHC1WuHfLhf,3.9166666666666665,PostInduction,6
R_p3sVEHC1WuHfLhf,3.9166666666666665,PostListening,5
R_3PI8dzRC6lvmMR5,3.4166666666666665,PostInduction,9
R_3PI8dzRC6lvmMR5,3.4166666666666665,PostListening,9
R_1oBAMY3Ukflh5Cw,4,PostInduction,13
R_1oBAMY3Ukflh5Cw,4,PostListening,12
R_12JBAKeMgjdPnru,3.4166666666666665,PostInduction,13
R_12JBAKeMgjdPnru,3.4166666666666665,PostListening,16
R_3sBrIUr4huaQ1Te,3.5833333333333335,PostInduction,14
R_3sBrIUr4huaQ1Te,3.5833333333333335,PostListening,14
R_1H8k8Mc5Ek5Pt1n,3.8333333333333335,PostInduction,13
R_1H8k8Mc5Ek5Pt1n,3.8333333333333335,PostListening,17
R_1itd0R7wkBYBrZK,3.75,PostInduction,19
R_1itd0R7wkBYBrZK,3.75,PostListening,22
R_1n0Ic9tZXvZLU1D,3.4166666666666665,PostInduction,8
R_1n0Ic9tZXvZLU1D,3.4166666666666665,PostListening,9
R_a9kOQaPEpz3JWEx,3.3333333333333335,PostInduction,19
R_a9kOQaPEpz3JWEx,3.3333333333333335,PostListening,21
R_31vKJ2Fyc8CalU1,3.75,PostInduction,18
R_31vKJ2Fyc8CalU1,3.75,PostListening,14
R_ZzbLUBEF90NEcUh,2.3333333333333335,PostInduction,5
R_ZzbLUBEF90NEcUh,2.3333333333333335,PostListening,6
R_8wsKFnecFBxO2dj,3.5,PostInduction,9
R_8wsKFnecFBxO2dj,3.5,PostListening,10
R_e3Xj5BdW3HIFEAN,4.083333333333333,PostInduction,19
R_e3Xj5BdW3HIFEAN,4.083333333333333,PostListening,19
R_2ayaSBIc7I5XSjT,3.5833333333333335,PostInduction,7
R_2ayaSBIc7I5XSjT,3.5833333333333335,PostListening,9
R_V4ikG1iqmAHkmJj,3.75,PostInduction,6
R_V4ikG1iqmAHkmJj,3.75,PostListening,13
R_31G9k1lTond2vMT,4,PostInduction,18
R_31G9k1lTond2vMT,4,PostListening,16
R_262pZEmkxxaD1al,3.6666666666666665,PostInduction,20
R_262pZEmkxxaD1al,3.6666666666666665,PostListening,26
R_2wQw8QNK25ycO5t,3.5,PostInduction,8
R_2wQw8QNK25ycO5t,3.5,PostListening,8
R_10C8DFHEus6a9pu,3.5,PostInduction,8
R_10C8DFHEus6a9pu,3.5,PostListening,10
R_SQ09gyHVWNQZ14J,3.8333333333333335,PostInduction,24
R_SQ09gyHVWNQZ14J,3.8333333333333335,PostListening,25
R_3CPFzaiL524dZZR,3.5,PostInduction,18
R_3CPFzaiL524dZZR,3.5,PostListening,23
R_9plcEjm1pFApDQl,3.6666666666666665,PostInduction,7
R_9plcEjm1pFApDQl,3.6666666666666665,PostListening,15
R_T1rOFdgvHnT75UB,3.25,PostInduction,20
R_T1rOFdgvHnT75UB,3.25,PostListening,24
R_qIROms3Eo8VcJ21,2.1666666666666665,PostInduction,11
R_qIROms3Eo8VcJ21,2.1666666666666665,PostListening,15
R_3RvyQOA7qpVm3lj,3.9166666666666665,PostInduction,13
R_3RvyQOA7qpVm3lj,3.9166666666666665,PostListening,14
R_1eF7Dd0I5MJ0giE,3.4166666666666665,PostInduction,4
R_1eF7Dd0I5MJ0giE,3.4166666666666665,PostListening,7
R_1mPDBfZckeNtKce,3.6666666666666665,PostInduction,18
R_1mPDBfZckeNtKce,3.6666666666666665,PostListening,17
R_3PHqucLGc5e4eP9,3,PostInduction,10
R_3PHqucLGc5e4eP9,3,PostListening,11
R_2tyCpaKOLsrd93z,3.75,PostInduction,20
R_2tyCpaKOLsrd93z,3.75,PostListening,25
R_1C9GHxtoQeQ7xUt,2.8333333333333335,PostInduction,22
R_1C9GHxtoQeQ7xUt,2.8333333333333335,PostListening,24
R_1LpoBiNSi8UcenU,3,PostInduction,7
R_1LpoBiNSi8UcenU,3,PostListening,10
R_29df3qLqgiruoQ1,4,PostInduction,11
R_29df3qLqgiruoQ1,4,PostListening,17
R_2aqSJ5xI9i5M4gZ,2.4166666666666665,PostInduction,5
R_2aqSJ5xI9i5M4gZ,2.4166666666666665,PostListening,10
R_25TLOwv9H7QNogg,3.9166666666666665,PostInduction,6
R_25TLOwv9H7QNogg,3.9166666666666665,PostListening,5
R_1rvLR0uGdFgFO16,3.6666666666666665,PostInduction,11
R_1rvLR0uGdFgFO16,3.6666666666666665,PostListening,10
R_2azbCVc5DDdDYuY,4,PostInduction,26
R_2azbCVc5DDdDYuY,4,PostListening,28
R_28Mdioz5iDsn5ZZ,3.75,PostInduction,15
R_28Mdioz5iDsn5ZZ,3.75,PostListening,12
R_1IXHe6oAwUPYlzx,4,PostInduction,15
R_1IXHe6oAwUPYlzx,4,PostListening,15
R_28LL5WDzjqLgwAb,3.5,PostInduction,20
R_28LL5WDzjqLgwAb,3.5,PostListening,28
R_1N34VvhCNIqeiJW,3.1666666666666665,PostInduction,8
R_1N34VvhCNIqeiJW,3.1666666666666665,PostListening,8
R_1JEFjuDBdDCgcSG,3.75,PostInduction,13
R_1JEFjuDBdDCgcSG,3.75,PostListening,19
R_1Q4z8trztLD1W1Y,3.5,PostInduction,8
R_1Q4z8trztLD1W1Y,3.5,PostListening,10
R_22xGNpkLgmuwozM,3.6666666666666665,PostInduction,13
R_22xGNpkLgmuwozM,3.6666666666666665,PostListening,17
R_22QBgULAdyO9GzI,3.4166666666666665,PostInduction,16
R_22QBgULAdyO9GzI,3.4166666666666665,PostListening,18
R_ZftVD0Vk8yy5l9D,3.0833333333333335,PostInduction,10
R_ZftVD0Vk8yy5l9D,3.0833333333333335,PostListening,11
R_3DdyFObKvOSBrX3,3.5,PostInduction,14
R_3DdyFObKvOSBrX3,3.5,PostListening,15
R_1Cx5TEQzLQYKGwq,3.5454545454545454,PostInduction,11
R_1Cx5TEQzLQYKGwq,3.5454545454545454,PostListening,13
R_3hAXrIK3PSAqs9R,2.1666666666666665,PostInduction,20
R_3hAXrIK3PSAqs9R,2.1666666666666665,PostListening,24
R_3lA07WhhEEQOrc5,3.5,PostInduction,16
R_3lA07WhhEEQOrc5,3.5,PostListening,19
R_2QlK17dUIm7iwVb,2.75,PostInduction,6
R_2QlK17dUIm7iwVb,2.75,PostListening,13
R_3OkUCadO2rbG9PM,3.4166666666666665,PostInduction,6
R_3OkUCadO2rbG9PM,3.4166666666666665,PostListening,9
R_295hXIvgzXL8hwq,3.0833333333333335,PostInduction,24
R_295hXIvgzXL8hwq,3.0833333333333335,PostListening,23
R_1CkFC4pgUrSOZI1,3,PostInduction,12
R_1CkFC4pgUrSOZI1,3,PostListening,13
R_27eqtuDbmqHYUwU,3.5,PostInduction,21
R_27eqtuDbmqHYUwU,3.5,PostListening,18
R_277LMYB4XqTWmwE,3.3333333333333335,PostInduction,9
R_277LMYB4XqTWmwE,3.3333333333333335,PostListening,14
R_3DunuzL9RXWxGK7,3.0833333333333335,PostInduction,24
R_3DunuzL9RXWxGK7,3.0833333333333335,PostListening,26
R_3plsPmiPKEgLm78,4.166666666666667,PostInduction,19
R_3plsPmiPKEgLm78,4.166666666666667,PostListening,24
R_vuyVulijg9DitYB,3.1666666666666665,PostInduction,16
R_vuyVulijg9DitYB,3.1666666666666665,PostListening,17
R_2U6laOcPhxEVhod,4.25,PostInduction,12
R_2U6laOcPhxEVhod,4.25,PostListening,20
R_2DY4JMJv5Gh1l1J,3.5,PostInduction,8
R_2DY4JMJv5Gh1l1J,3.5,PostListening,10
R_1jcFGC1p6RDgXKh,3.5833333333333335,PostInduction,17
R_1jcFGC1p6RDgXKh,3.5833333333333335,PostListening,21
R_2SxCiJsj89gFOIy,3.3333333333333335,PostInduction,17
R_2SxCiJsj89gFOIy,3.3333333333333335,PostListening,10
R_2SqLOyp9dESXFz2,3.3333333333333335,PostInduction,14
R_2SqLOyp9dESXFz2,3.3333333333333335,PostListening,20
R_30wbAdOH6RofAnw,3.8333333333333335,PostInduction,13
R_30wbAdOH6RofAnw,3.8333333333333335,PostListening,17
R_2yjb0oujezS4d0q,3.0833333333333335,PostInduction,11
R_2yjb0oujezS4d0q,3.0833333333333335,PostListening,16
R_xilLVYb3WCYKm65,3.4166666666666665,PostInduction,18
R_xilLVYb3WCYKm65,3.4166666666666665,PostListening,22
R_2aXf4DAlpKg0hcI,3.5,PostInduction,17
R_2aXf4DAlpKg0hcI,3.5,PostListening,16
R_12m5RFVUO1NmQQv,3.8333333333333335,PostInduction,12
R_12m5RFVUO1NmQQv,3.8333333333333335,PostListening,15
R_XvWtmdKyJsd1w1r,2.75,PostInduction,21
R_XvWtmdKyJsd1w1r,2.75,PostListening,18
R_33wBm7g1C6K4wE7,3.4166666666666665,PostInduction,10
R_33wBm7g1C6K4wE7,3.4166666666666665,PostListening,8
R_3eh5j0dvtdwyruk,4,PostInduction,20
R_3eh5j0dvtdwyruk,4,PostListening,20
R_3EEZn3s856k4UN2,3.75,PostInduction,20
R_3EEZn3s856k4UN2,3.75,PostListening,23
R_0ety5HI8T4Ysmc1,3,PostInduction,20
R_0ety5HI8T4Ysmc1,3,PostListening,12
R_rd8cvb2UOXLu7Sh,3.0833333333333335,PostInduction,16
R_rd8cvb2UOXLu7Sh,3.0833333333333335,PostListening,21
R_01D7GHUmUHfsfXH,3.5,PostInduction,14
R_01D7GHUmUHfsfXH,3.5,PostListening,16
R_1dAghyaWGXujoxe,3.0833333333333335,PostInduction,10
R_1dAghyaWGXujoxe,3.0833333333333335,PostListening,11
R_3pnhlHMSA1V464h,2.5,PostInduction,4
R_3pnhlHMSA1V464h,2.5,PostListening,7
R_3KYJwJf4XnLOxGd,2.8333333333333335,PostInduction,5
R_3KYJwJf4XnLOxGd,2.8333333333333335,PostListening,6
R_41l2pwlrkoB646Z,3.3333333333333335,PostInduction,16
R_41l2pwlrkoB646Z,3.3333333333333335,PostListening,20
R_AGLXlp5Q2YCE3df,3.75,PostInduction,14
R_AGLXlp5Q2YCE3df,3.75,PostListening,15
R_22zsomCR2SKx2sd,3.5833333333333335,PostInduction,9
R_22zsomCR2SKx2sd,3.5833333333333335,PostListening,16
R_Pu1Vdf65InL4S0p,3,PostInduction,7
R_Pu1Vdf65InL4S0p,3,PostListening,7
R_3MMD0mcfoosXupn,3.6666666666666665,PostInduction,8
R_3MMD0mcfoosXupn,3.6666666666666665,PostListening,9
R_2SHLfYFmFeAhbzD,3.9166666666666665,PostInduction,18
R_2SHLfYFmFeAhbzD,3.9166666666666665,PostListening,19
R_2WHKH4ZoYnol3ah,3.4166666666666665,PostInduction,24
R_2WHKH4ZoYnol3ah,3.4166666666666665,PostListening,21
R_1PUieWYxgCiqxJw,3.75,PostInduction,7
R_1PUieWYxgCiqxJw,3.75,PostListening,8
R_3Jk3iNi2QNeaDYe,3.0833333333333335,PostInduction,16
R_3Jk3iNi2QNeaDYe,3.0833333333333335,PostListening,16
R_2yeFia3eawtCZbu,3.75,PostInduction,17
R_2yeFia3eawtCZbu,3.75,PostListening,23
R_3jGgCPoUfkUf2Fz,3.4166666666666665,PostInduction,15
R_3jGgCPoUfkUf2Fz,3.4166666666666665,PostListening,17
R_1mD86QR3p0NHTbE,4,PostInduction,18
R_1mD86QR3p0NHTbE,4,PostListening,19
R_sMddQoCZrZX8oAV,3.5,PostInduction,14
R_sMddQoCZrZX8oAV,3.5,PostListening,18
R_3ncMpmHyM8F3K8D,3.4166666666666665,PostInduction,5
R_3ncMpmHyM8F3K8D,3.4166666666666665,PostListening,5
R_W0680CZZH85mzgl,3.9166666666666665,PostInduction,23
R_W0680CZZH85mzgl,3.9166666666666665,PostListening,22
R_bq2LFTImkbFH0Y1,3.1666666666666665,PostInduction,10
R_bq2LFTImkbFH0Y1,3.1666666666666665,PostListening,13
R_1jlVH0rMlcc1MSR,3.5,PostInduction,9
R_1jlVH0rMlcc1MSR,3.5,PostListening,9
R_3izqkZFxIxPSkOZ,2.9166666666666665,PostInduction,4
R_3izqkZFxIxPSkOZ,2.9166666666666665,PostListening,8
R_22lgvzMprMa9pcW,3.5,PostInduction,18
R_22lgvzMprMa9pcW,3.5,PostListening,14
R_1ooon6auWXAvm2s,3.25,PostInduction,6
R_1ooon6auWXAvm2s,3.25,PostListening,7
R_29b3VdaLmbPQOMH,4,PostInduction,8
R_29b3VdaLmbPQOMH,4,PostListening,11
R_11X8SQ9eUr11xpK,3.0833333333333335,PostInduction,6
R_11X8SQ9eUr11xpK,3.0833333333333335,PostListening,10
R_3O7ksp45K4sLFjV,3.6666666666666665,PostInduction,8
R_3O7ksp45K4sLFjV,3.6666666666666665,PostListening,8
R_1lod0WmRNYdaQsW,3.75,PostInduction,28
R_1lod0WmRNYdaQsW,3.75,PostListening,11
R_1FtadfOYUGi0B3O,3.75,PostInduction,6
R_1FtadfOYUGi0B3O,3.75,PostListening,7
R_2YXsqZrVUyVIC1i,3.6666666666666665,PostInduction,6
R_2YXsqZrVUyVIC1i,3.6666666666666665,PostListening,6
R_25sx6yf65KbSGmC,3.25,PostInduction,5
R_25sx6yf65KbSGmC,3.25,PostListening,8
R_UPIlukbdHzEuEhP,3.6666666666666665,PostInduction,9
R_UPIlukbdHzEuEhP,3.6666666666666665,PostListening,15
R_3GCF7ErGremdS6R,2.8333333333333335,PostInduction,13
R_3GCF7ErGremdS6R,2.8333333333333335,PostListening,11
R_3Hq55tI9Lz7pKMJ,4,PostInduction,25
R_3Hq55tI9Lz7pKMJ,4,PostListening,25
R_3ESeNssAwZDkdxn,3.4166666666666665,PostInduction,9
R_3ESeNssAwZDkdxn,3.4166666666666665,PostListening,10
R_Zah7IRVmST0Ky6R,3.75,PostInduction,8
R_Zah7IRVmST0Ky6R,3.75,PostListening,8
R_3jdQcsUtBmghXlo,3.5,PostInduction,14
R_3jdQcsUtBmghXlo,3.5,PostListening,22
R_tVz3c04zArZtYid,3.1666666666666665,PostInduction,4
R_tVz3c04zArZtYid,3.1666666666666665,PostListening,4
R_1dN4Tv2vlmWAU5B,3.4166666666666665,PostInduction,14
R_1dN4Tv2vlmWAU5B,3.4166666666666665,PostListening,13
R_1DxbyVTxCHvPcQk,3.75,PostInduction,12
R_1DxbyVTxCHvPcQk,3.75,PostListening,14
R_2zvWIItwEN61zkn,2.5,PostInduction,12
R_2zvWIItwEN61zkn,2.5,PostListening,14
R_qz3mgCx5Likh7r3,3.5,PostInduction,14
R_qz3mgCx5Likh7r3,3.5,PostListening,19
R_29aicLD5Cqyed8T,3.25,PostInduction,8
R_29aicLD5Cqyed8T,3.25,PostListening,10
R_ZJgikCtKLdJpsnT,3,PostInduction,13
R_ZJgikCtKLdJpsnT,3,PostListening,13
R_1JUEfc7J79er4AC,2.8333333333333335,PostInduction,8
R_1JUEfc7J79er4AC,2.8333333333333335,PostListening,8
R_T7YxBYCR6Cd0Lzr,3.75,PostInduction,18
R_T7YxBYCR6Cd0Lzr,3.75,PostListening,20
R_Tns9E4SL0nyv9Hb,3.25,PostInduction,5
R_Tns9E4SL0nyv9Hb,3.25,PostListening,9
R_1Fs2BPGgrIM0uhv,3.75,PostInduction,25
R_1Fs2BPGgrIM0uhv,3.75,PostListening,21
R_1Hp1AXgblcxpPzD,4,PostInduction,14
R_1Hp1AXgblcxpPzD,4,PostListening,15
R_sGPzRoCYztmZPoJ,3.9166666666666665,PostInduction,11
R_sGPzRoCYztmZPoJ,3.9166666666666665,PostListening,11
R_vMkbkUEPO25ZtMB,3.3333333333333335,PostInduction,6
R_vMkbkUEPO25ZtMB,3.3333333333333335,PostListening,8
R_3QFr5I31XDL9cVV,3.4166666666666665,PostInduction,22
R_3QFr5I31XDL9cVV,3.4166666666666665,PostListening,24
R_2P5QrIi7lnozD1t,3.3333333333333335,PostInduction,6
R_2P5QrIi7lnozD1t,3.3333333333333335,PostListening,9
R_1rcVBtA4yl9npPs,3.6666666666666665,PostInduction,10
R_1rcVBtA4yl9npPs,3.6666666666666665,PostListening,11
R_3HwElhCaJUHGTvw,3.1666666666666665,PostInduction,14
R_3HwElhCaJUHGTvw,3.1666666666666665,PostListening,15
R_3JfPwdsnQ5u3OT9,3.8333333333333335,PostInduction,16
R_3JfPwdsnQ5u3OT9,3.8333333333333335,PostListening,18
R_1NxGjVHmFRNCge2,2.6666666666666665,PostInduction,12
R_1NxGjVHmFRNCge2,2.6666666666666665,PostListening,14
R_30ioUGq3Gspla7T,2.0833333333333335,PostInduction,4
R_30ioUGq3Gspla7T,2.0833333333333335,PostListening,7
R_2sTlJ7el7HEVWCn,3.5,PostInduction,19
R_2sTlJ7el7HEVWCn,3.5,PostListening,13
R_3e5fYm8Zgs09yiv,4.333333333333333,PostInduction,20
R_3e5fYm8Zgs09yiv,4.333333333333333,PostListening,28
R_6DKPa7vwoD2GapX,4,PostInduction,8
R_6DKPa7vwoD2GapX,4,PostListening,9
R_2QEs3kwVhDoq5mS,4,PostInduction,11
R_2QEs3kwVhDoq5mS,4,PostListening,13
R_2znZu5axXeIUMxi,3.75,PostInduction,12
R_2znZu5axXeIUMxi,3.75,PostListening,14
R_2c5zDZPLlFvKFCd,3.8333333333333335,PostInduction,11
R_2c5zDZPLlFvKFCd,3.8333333333333335,PostListening,23
R_2rxdhpxwU9J1z4Q,3.6666666666666665,PostInduction,5
R_2rxdhpxwU9J1z4Q,3.6666666666666665,PostListening,5
R_2Y9VWvlocLDWsvy,3.4166666666666665,PostInduction,25
R_2Y9VWvlocLDWsvy,3.4166666666666665,PostListening,18
R_2SuF5WOiayUb14l,3.3333333333333335,PostInduction,8
R_2SuF5WOiayUb14l,3.3333333333333335,PostListening,7
R_XC8VWxy3l4VEhax,4.083333333333333,PostInduction,6
R_XC8VWxy3l4VEhax,4.083333333333333,PostListening,13
R_bqHyupLYu4DOMEh,3.1666666666666665,PostInduction,10
R_bqHyupLYu4DOMEh,3.1666666666666665,PostListening,12
R_3HCtho8Fs49Ii2G,3.5833333333333335,PostInduction,7
R_3HCtho8Fs49Ii2G,3.5833333333333335,PostListening,13
R_1FJM3bdyTUNHbsK,3.1666666666666665,PostInduction,10
R_1FJM3bdyTUNHbsK,3.1666666666666665,PostListening,13
R_1mKKSl1kpeaBIAF,3.6666666666666665,PostInduction,15
R_1mKKSl1kpeaBIAF,3.6666666666666665,PostListening,17
R_3NxP5bNnjCk5XBV,4.5,PostInduction,22
R_3NxP5bNnjCk5XBV,4.5,PostListening,24
R_1PRSwm4MGE1DYL0,2.5,PostInduction,7
R_1PRSwm4MGE1DYL0,2.5,PostListening,7
R_3oZr04PK9EuClpT,3.3333333333333335,PostInduction,8
R_3oZr04PK9EuClpT,3.3333333333333335,PostListening,5
R_Y3pErmTKsTpy56V,3.25,PostInduction,7
R_Y3pErmTKsTpy56V,3.25,PostListening,8
R_111NHWxmB7JspxG,3.6666666666666665,PostInduction,18
R_111NHWxmB7JspxG,3.6666666666666665,PostListening,18
R_C8EMNxk4rzhWP85,3.6666666666666665,PostInduction,14
R_C8EMNxk4rzhWP85,3.6666666666666665,PostListening,16
R_2bOQhbvGz8D5j4l,3.5,PostInduction,10
R_2bOQhbvGz8D5j4l,3.5,PostListening,11
R_2rToV6R70K0PNqM,3.5,PostInduction,8
R_2rToV6R70K0PNqM,3.5,PostListening,10
R_Astd63aM3zLqC1b,4,PostInduction,21
R_Astd63aM3zLqC1b,4,PostListening,22
R_3LYejSStmXTeFzm,3.5,PostInduction,14
R_3LYejSStmXTeFzm,3.5,PostListening,22
